{"predictions": {"image": {"width": 640, "height": 480}, "predictions": [{"width": 82.5, "height": 462.8125, "x": 433.75, "y": 250.78125, "confidence": 0.9838759899139404, "class_id": 1, "class": "pole", "detection_id": "4220c023-3f83-438a-823a-a1fa8326f791", "parent_id": "image"}, {"width": 120.546875, "height": 113.59375, "x": 346.25, "y": 392.8125, "confidence": 0.9748674035072327, "class_id": 0, "class": "bell", "detection_id": "82004518-073f-423a-9da1-b167578242e6", "parent_id": "image"}]}, "visualization": "<deducted_image>"}