{"predictions": {"image": {"width": 640, "height": 480}, "predictions": [{"width": 186.875, "height": 156.171875, "x": 293.125, "y": 233.75, "confidence": 0.9938223361968994, "class_id": 0, "class": "bell", "detection_id": "06a59841-638f-48e9-a93f-6062f3cf9091", "parent_id": "image"}, {"width": 68.1640625, "height": 420.625, "x": 370.625, "y": 271.71875, "confidence": 0.9789283275604248, "class_id": 1, "class": "pole", "detection_id": "0ca21cc3-3b46-4621-b6e7-9ca12a3cd3e8", "parent_id": "image"}]}, "visualization": "<deducted_image>"}