{"predictions": {"image": {"width": 640, "height": 480}, "predictions": [{"width": 154.0625, "height": 132.1875, "x": 271.875, "y": 240.46875, "confidence": 0.9935738444328308, "class_id": 0, "class": "bell", "detection_id": "ea26cbc1-9b12-45f6-9504-2f929c48e56a", "parent_id": "image"}, {"width": 63.0859375, "height": 444.0625, "x": 410.3125, "y": 256.25, "confidence": 0.9865247011184692, "class_id": 1, "class": "pole", "detection_id": "f9ec82fe-d5ef-48a7-8f51-3cf4a1d9747e", "parent_id": "image"}]}, "visualization": "<deducted_image>"}