{"predictions": {"image": {"width": 640, "height": 480}, "predictions": [{"width": 157.578125, "height": 135.703125, "x": 264.0625, "y": 253.4375, "confidence": 0.9921473264694214, "class_id": 0, "class": "bell", "detection_id": "1bf24330-17ae-4709-b33b-cffdaac20cbd", "parent_id": "image"}, {"width": 67.8125, "height": 404.0625, "x": 341.875, "y": 280.15625, "confidence": 0.9410305619239807, "class_id": 1, "class": "pole", "detection_id": "5e184fd6-bda9-42bc-9554-f5f31ca5da26", "parent_id": "image"}]}, "visualization": "<deducted_image>"}