{"predictions": {"image": {"width": 640, "height": 480}, "predictions": [{"width": 158.28125, "height": 134.0625, "x": 247.8125, "y": 235.0, "confidence": 0.9904295802116394, "class_id": 0, "class": "bell", "detection_id": "ebf3f66d-1d5d-4343-8c06-06725c582b6b", "parent_id": "image"}, {"width": 61.1328125, "height": 411.5625, "x": 323.4375, "y": 272.8125, "confidence": 0.9896888732910156, "class_id": 1, "class": "pole", "detection_id": "3b5e6e30-d6bc-4688-995f-68f2126ac7f3", "parent_id": "image"}]}, "visualization": "<deducted_image>"}