{"predictions": {"image": {"width": 640, "height": 480}, "predictions": [{"width": 155.234375, "height": 135.546875, "x": 269.21875, "y": 222.65625, "confidence": 0.993868887424469, "class_id": 0, "class": "bell", "detection_id": "39ee323f-6f5c-4b8e-b717-120451583c62", "parent_id": "image"}, {"width": 65.8203125, "height": 440.9375, "x": 404.375, "y": 260.3125, "confidence": 0.9416189193725586, "class_id": 1, "class": "pole", "detection_id": "c5abf6ab-06f4-4c4c-b363-d0f00b0ddfb9", "parent_id": "image"}]}, "visualization": "<deducted_image>"}