{"predictions": {"image": {"width": 640, "height": 480}, "predictions": [{"width": 172.1875, "height": 139.53125, "x": 297.03125, "y": 214.375, "confidence": 0.9948269128799438, "class_id": 0, "class": "bell", "detection_id": "89623687-a2db-4cf1-af32-3428b6ee3aa9", "parent_id": "image"}, {"width": 62.34375, "height": 397.5, "x": 433.4375, "y": 281.875, "confidence": 0.9938998818397522, "class_id": 1, "class": "pole", "detection_id": "a6f4a2c2-c3c7-4b4f-8482-661270c01773", "parent_id": "image"}]}, "visualization": "<deducted_image>"}