{"predictions": {"image": {"width": 640, "height": 480}, "predictions": [{"width": 171.5625, "height": 141.875, "x": 315.15625, "y": 207.03125, "confidence": 0.9962429404258728, "class_id": 0, "class": "bell", "detection_id": "a11c7e53-1893-4d64-b670-5f0b82ce4ae8", "parent_id": "image"}, {"width": 62.421875, "height": 407.5, "x": 404.6875, "y": 277.8125, "confidence": 0.9907131195068359, "class_id": 1, "class": "pole", "detection_id": "4c41b8f6-77e6-41a4-bd75-9e03cee35dc5", "parent_id": "image"}]}, "visualization": "<deducted_image>"}