{"predictions": {"image": {"width": 640, "height": 480}, "predictions": [{"width": 132.421875, "height": 110.703125, "x": 304.53125, "y": 232.03125, "confidence": 0.9941411018371582, "class_id": 0, "class": "bell", "detection_id": "209d74df-2580-4f88-a172-2cb1a55ee944", "parent_id": "image"}, {"width": 79.4921875, "height": 466.5625, "x": 400.0, "y": 246.875, "confidence": 0.9689987301826477, "class_id": 1, "class": "pole", "detection_id": "db7a4b96-da6e-4f13-bbde-746b33f5192f", "parent_id": "image"}]}, "visualization": "<deducted_image>"}