{"predictions": {"image": {"width": 640, "height": 480}, "predictions": [{"width": 143.828125, "height": 121.09375, "x": 267.5, "y": 255.625, "confidence": 0.9918992519378662, "class_id": 0, "class": "bell", "detection_id": "2be2a281-a6bb-4ad7-bdb7-a647a0b665b6", "parent_id": "image"}, {"width": 63.3203125, "height": 436.25, "x": 356.875, "y": 263.90625, "confidence": 0.9384720921516418, "class_id": 1, "class": "pole", "detection_id": "93ee3cd8-e9d7-4420-8ff8-a9501fe1aa7d", "parent_id": "image"}]}, "visualization": "<deducted_image>"}