{"predictions": {"image": {"width": 640, "height": 480}, "predictions": [{"width": 162.96875, "height": 132.8125, "x": 247.03125, "y": 246.5625, "confidence": 0.9960459470748901, "class_id": 0, "class": "bell", "detection_id": "9f44d02a-fb28-4fbb-8b19-7f5fd758ee88", "parent_id": "image"}, {"width": 62.7734375, "height": 391.5625, "x": 469.375, "y": 284.375, "confidence": 0.9940473437309265, "class_id": 1, "class": "pole", "detection_id": "e4ad67f4-f69d-4353-b4a2-234fe82dcf64", "parent_id": "image"}]}, "visualization": "<deducted_image>"}