{"predictions": {"image": {"width": 640, "height": 480}, "predictions": [{"width": 66.0546875, "height": 461.25, "x": 406.25, "y": 252.03125, "confidence": 0.9778974652290344, "class_id": 1, "class": "pole", "detection_id": "ba0dba4c-98e5-492a-bb3f-4ae88ec89a96", "parent_id": "image"}, {"width": 119.765625, "height": 111.796875, "x": 314.84375, "y": 386.5625, "confidence": 0.9577915668487549, "class_id": 0, "class": "bell", "detection_id": "7af2e1a8-d63b-447a-878f-1172004678de", "parent_id": "image"}]}, "visualization": "<deducted_image>"}