{"predictions": {"image": {"width": 640, "height": 480}, "predictions": [{"width": 175.46875, "height": 146.875, "x": 260.46875, "y": 233.90625, "confidence": 0.9954267740249634, "class_id": 0, "class": "bell", "detection_id": "3b89fecd-7034-48c6-8b89-97d78f0253a8", "parent_id": "image"}, {"width": 62.421875, "height": 389.6875, "x": 363.125, "y": 285.15625, "confidence": 0.9411351680755615, "class_id": 1, "class": "pole", "detection_id": "bc285ae9-b3a5-46af-b817-5dc37194c17a", "parent_id": "image"}]}, "visualization": "<deducted_image>"}