{"predictions": {"image": {"width": 640, "height": 480}, "predictions": [{"width": 192.8125, "height": 157.34375, "x": 273.4375, "y": 224.84375, "confidence": 0.9924094676971436, "class_id": 0, "class": "bell", "detection_id": "66607d7d-82fc-4cc0-a170-29dfc4e8d64a", "parent_id": "image"}, {"width": 66.9921875, "height": 388.125, "x": 345.0, "y": 287.34375, "confidence": 0.9370945692062378, "class_id": 1, "class": "pole", "detection_id": "6f9fbca5-c6bb-4bdf-add3-fe5cbfb39573", "parent_id": "image"}]}, "visualization": "<deducted_image>"}