{"predictions": {"image": {"width": 640, "height": 480}, "predictions": [{"width": 77.6171875, "height": 463.75, "x": 456.25, "y": 250.78125, "confidence": 0.9803004860877991, "class_id": 1, "class": "pole", "detection_id": "8d0352e5-fd4e-4924-b064-9864097dcc58", "parent_id": "image"}, {"width": 122.65625, "height": 112.34375, "x": 366.5625, "y": 387.5, "confidence": 0.9673296213150024, "class_id": 0, "class": "bell", "detection_id": "f3fcbb54-189d-472a-be0e-aaa045d005ee", "parent_id": "image"}]}, "visualization": "<deducted_image>"}