{"predictions": {"image": {"width": 640, "height": 480}, "predictions": [{"width": 121.484375, "height": 109.453125, "x": 293.4375, "y": 309.53125, "confidence": 0.985500156879425, "class_id": 0, "class": "bell", "detection_id": "adfe50d6-94b6-4f33-bb49-f9b7ce5e2cab", "parent_id": "image"}, {"width": 69.375, "height": 463.125, "x": 405.625, "y": 250.0, "confidence": 0.9780253171920776, "class_id": 1, "class": "pole", "detection_id": "db324947-2822-4f7b-902e-e2bcc3b9fca4", "parent_id": "image"}]}, "visualization": "<deducted_image>"}