{"predictions": {"image": {"width": 640, "height": 480}, "predictions": [{"width": 64.21875, "height": 440.9375, "x": 403.75, "y": 266.40625, "confidence": 0.9829953908920288, "class_id": 1, "class": "pole", "detection_id": "c386b0ae-d255-425a-b39b-de2bb26f74dd", "parent_id": "image"}, {"width": 119.921875, "height": 114.53125, "x": 321.25, "y": 385.9375, "confidence": 0.9727555513381958, "class_id": 0, "class": "bell", "detection_id": "65da64d2-5292-4928-b1f7-0cb1f45f6f05", "parent_id": "image"}]}, "visualization": "<deducted_image>"}