{"predictions": {"image": {"width": 640, "height": 480}, "predictions": [{"width": 194.6875, "height": 162.1875, "x": 256.71875, "y": 212.5, "confidence": 0.988723635673523, "class_id": 0, "class": "bell", "detection_id": "21e31b04-1074-4161-930d-1b482d51a258", "parent_id": "image"}, {"width": 56.4453125, "height": 386.875, "x": 340.0, "y": 286.40625, "confidence": 0.9874332547187805, "class_id": 1, "class": "pole", "detection_id": "120d8a9e-f690-40ce-91b6-836d138de7fe", "parent_id": "image"}]}, "visualization": "<deducted_image>"}