{"predictions": {"image": {"width": 640, "height": 480}, "predictions": [{"width": 134.0625, "height": 112.34375, "x": 299.6875, "y": 233.4375, "confidence": 0.9931621551513672, "class_id": 0, "class": "bell", "detection_id": "8b179600-6f0b-4b31-ae9b-869d87e5e8ed", "parent_id": "image"}, {"width": 60.15625, "height": 407.5, "x": 405.0, "y": 277.8125, "confidence": 0.9930427074432373, "class_id": 1, "class": "pole", "detection_id": "a676e843-fa7f-4a48-ab5d-976f76f6c620", "parent_id": "image"}]}, "visualization": "<deducted_image>"}