{"predictions": {"image": {"width": 640, "height": 480}, "predictions": [{"width": 161.25, "height": 132.65625, "x": 306.5625, "y": 244.21875, "confidence": 0.9947437047958374, "class_id": 0, "class": "bell", "detection_id": "a42c267d-9174-4a0a-9df1-0bc90ffc4788", "parent_id": "image"}, {"width": 65.9375, "height": 401.5625, "x": 504.6875, "y": 278.90625, "confidence": 0.9460861086845398, "class_id": 1, "class": "pole", "detection_id": "d9414869-9e64-46c2-aad4-9603b2b58f3b", "parent_id": "image"}]}, "visualization": "<deducted_image>"}