{"predictions": {"image": {"width": 640, "height": 480}, "predictions": [{"width": 180.46875, "height": 147.109375, "x": 379.0625, "y": 194.21875, "confidence": 0.9912334680557251, "class_id": 0, "class": "bell", "detection_id": "c0f2cbeb-caca-41c6-9727-af10d0d0f028", "parent_id": "image"}, {"width": 110.703125, "height": 458.75, "x": 398.4375, "y": 251.09375, "confidence": 0.9430359601974487, "class_id": 1, "class": "pole", "detection_id": "f94bb4a5-8992-43fe-8082-7078ddbdc551", "parent_id": "image"}, {"width": 62.65625, "height": 209.53125, "x": 412.1875, "y": 378.125, "confidence": 0.9390727877616882, "class_id": 1, "class": "pole", "detection_id": "d840f655-8f3a-408f-9940-c6195f427cc7", "parent_id": "image"}]}, "visualization": "<deducted_image>"}