{"predictions": {"image": {"width": 640, "height": 480}, "predictions": [{"width": 117.890625, "height": 108.28125, "x": 299.6875, "y": 386.875, "confidence": 0.9826828837394714, "class_id": 0, "class": "bell", "detection_id": "3e3055c4-6469-4aac-9e94-8c652bb1974c", "parent_id": "image"}, {"width": 65.46875, "height": 457.8125, "x": 402.8125, "y": 256.40625, "confidence": 0.9744275212287903, "class_id": 1, "class": "pole", "detection_id": "3c452b27-cef0-4986-8ec9-2f7a6c782803", "parent_id": "image"}]}, "visualization": "<deducted_image>"}