{"predictions": {"image": {"width": 640, "height": 480}, "predictions": [{"width": 142.5, "height": 124.21875, "x": 283.75, "y": 257.96875, "confidence": 0.992780864238739, "class_id": 0, "class": "bell", "detection_id": "832c42f9-25a1-45f2-80c5-8a1a46fc5389", "parent_id": "image"}, {"width": 66.2890625, "height": 448.75, "x": 412.8125, "y": 258.125, "confidence": 0.9418716430664062, "class_id": 1, "class": "pole", "detection_id": "a2b27bd2-d5c2-4623-b253-bab5014012f2", "parent_id": "image"}]}, "visualization": "<deducted_image>"}