{"predictions": {"image": {"width": 640, "height": 480}, "predictions": [{"width": 157.109375, "height": 137.578125, "x": 335.9375, "y": 212.03125, "confidence": 0.994182825088501, "class_id": 0, "class": "bell", "detection_id": "feaf0c81-95a2-4301-835b-d0bb6f8d72f5", "parent_id": "image"}, {"width": 61.796875, "height": 411.5625, "x": 408.75, "y": 279.21875, "confidence": 0.986691951751709, "class_id": 1, "class": "pole", "detection_id": "3ae216d3-6b0e-41bc-bbfb-13e7adf309d2", "parent_id": "image"}]}, "visualization": "<deducted_image>"}