{"predictions": {"image": {"width": 640, "height": 480}, "predictions": [{"width": 148.671875, "height": 124.609375, "x": 300.46875, "y": 221.5625, "confidence": 0.9953637719154358, "class_id": 0, "class": "bell", "detection_id": "c08f77ac-a34b-42e4-8003-cbf59bec7f48", "parent_id": "image"}, {"width": 76.796875, "height": 467.8125, "x": 401.25, "y": 245.9375, "confidence": 0.9701356887817383, "class_id": 1, "class": "pole", "detection_id": "d4cae4eb-3a30-4d32-b3f6-9c7465c81ce3", "parent_id": "image"}]}, "visualization": "<deducted_image>"}