{"predictions": {"image": {"width": 640, "height": 480}, "predictions": [{"width": 65.9375, "height": 452.5, "x": 405.625, "y": 257.5, "confidence": 0.9753190279006958, "class_id": 1, "class": "pole", "detection_id": "1333ba4a-4522-461c-b163-c4dbda6400df", "parent_id": "image"}, {"width": 121.640625, "height": 108.75, "x": 318.59375, "y": 359.375, "confidence": 0.9718711376190186, "class_id": 0, "class": "bell", "detection_id": "c322ed10-abdd-41d0-8c36-f19d74a3d0a7", "parent_id": "image"}]}, "visualization": "<deducted_image>"}