{"predictions": {"image": {"width": 640, "height": 480}, "predictions": [{"width": 73.59375, "height": 436.5625, "x": 392.5, "y": 262.5, "confidence": 0.9901212453842163, "class_id": 1, "class": "pole", "detection_id": "b339efe7-475f-4d31-a31f-323eeae4a6aa", "parent_id": "image"}, {"width": 137.578125, "height": 121.640625, "x": 295.15625, "y": 279.53125, "confidence": 0.9853008985519409, "class_id": 0, "class": "bell", "detection_id": "4690aecc-6406-48b2-b654-92b841eccf51", "parent_id": "image"}]}, "visualization": "<deducted_image>"}