{"predictions": {"image": {"width": 640, "height": 480}, "predictions": [{"width": 139.921875, "height": 116.71875, "x": 313.90625, "y": 225.9375, "confidence": 0.9945428371429443, "class_id": 0, "class": "bell", "detection_id": "3e15e123-3a83-4afb-849f-d4bf3314eb19", "parent_id": "image"}, {"width": 79.921875, "height": 466.25, "x": 399.0625, "y": 246.5625, "confidence": 0.9676594734191895, "class_id": 1, "class": "pole", "detection_id": "d57d87af-c30b-4eb1-8648-0bd3ba6374c0", "parent_id": "image"}]}, "visualization": "<deducted_image>"}