{"predictions": {"image": {"width": 640, "height": 480}, "predictions": [{"width": 151.40625, "height": 126.328125, "x": 268.125, "y": 256.875, "confidence": 0.9921221733093262, "class_id": 0, "class": "bell", "detection_id": "fcab1b4a-e9e3-41fe-a0a2-a7d7430125a4", "parent_id": "image"}, {"width": 66.5234375, "height": 444.6875, "x": 411.25, "y": 257.96875, "confidence": 0.9389982223510742, "class_id": 1, "class": "pole", "detection_id": "ead925ec-934d-4625-9f40-4ec195a2f2d4", "parent_id": "image"}]}, "visualization": "<deducted_image>"}