{"predictions": {"image": {"width": 640, "height": 480}, "predictions": [{"width": 169.375, "height": 136.328125, "x": 350.0, "y": 209.84375, "confidence": 0.9942502975463867, "class_id": 0, "class": "bell", "detection_id": "4a67d794-4dbc-4f38-9742-12dcf8cfc0b2", "parent_id": "image"}, {"width": 63.5546875, "height": 424.0625, "x": 408.4375, "y": 267.65625, "confidence": 0.9833321571350098, "class_id": 1, "class": "pole", "detection_id": "df24e2fd-d70a-46d3-8f44-d3ec4706f834", "parent_id": "image"}]}, "visualization": "<deducted_image>"}