{"predictions": {"image": {"width": 640, "height": 480}, "predictions": [{"width": 178.90625, "height": 153.4375, "x": 371.875, "y": 193.28125, "confidence": 0.9923079013824463, "class_id": 0, "class": "bell", "detection_id": "6204b11d-15a7-44fb-8c7c-5ca1e6efeb56", "parent_id": "image"}, {"width": 65.5859375, "height": 443.125, "x": 412.1875, "y": 257.5, "confidence": 0.9702185988426208, "class_id": 1, "class": "pole", "detection_id": "d28bf4d8-748e-48e3-9f36-5642616a2040", "parent_id": "image"}]}, "visualization": "<deducted_image>"}