{"predictions": {"image": {"width": 640, "height": 480}, "predictions": [{"width": 65.1171875, "height": 471.5625, "x": 412.5, "y": 251.40625, "confidence": 0.9656859636306763, "class_id": 1, "class": "pole", "detection_id": "abcfe8fa-befb-4264-b1ef-d0d82920f941", "parent_id": "image"}, {"width": 116.953125, "height": 108.59375, "x": 325.0, "y": 382.1875, "confidence": 0.9645626544952393, "class_id": 0, "class": "bell", "detection_id": "7b293f09-efcb-4436-ad68-7aab192eb9e2", "parent_id": "image"}]}, "visualization": "<deducted_image>"}