{"predictions": {"image": {"width": 640, "height": 480}, "predictions": [{"width": 63.0078125, "height": 444.0625, "x": 406.875, "y": 258.4375, "confidence": 0.988432765007019, "class_id": 1, "class": "pole", "detection_id": "ed2cc968-5c81-414b-81c0-53dcaf666faf", "parent_id": "image"}, {"width": 125.546875, "height": 110.703125, "x": 294.6875, "y": 295.9375, "confidence": 0.9847884178161621, "class_id": 0, "class": "bell", "detection_id": "feab3bae-0213-4cde-a12f-2bb32c7bee13", "parent_id": "image"}]}, "visualization": "<deducted_image>"}