{"predictions": {"image": {"width": 640, "height": 480}, "predictions": [{"width": 173.4375, "height": 141.484375, "x": 199.53125, "y": 240.3125, "confidence": 0.9935857057571411, "class_id": 0, "class": "bell", "detection_id": "1f3443af-9776-4259-a5cf-66c9af268645", "parent_id": "image"}, {"width": 58.28125, "height": 388.75, "x": 355.3125, "y": 283.4375, "confidence": 0.9917036294937134, "class_id": 1, "class": "pole", "detection_id": "2e391818-43c4-40ed-b6e5-576ff7de1377", "parent_id": "image"}]}, "visualization": "<deducted_image>"}