{"predictions": {"image": {"width": 640, "height": 480}, "predictions": [{"width": 172.65625, "height": 152.734375, "x": 307.1875, "y": 201.71875, "confidence": 0.9902244806289673, "class_id": 0, "class": "bell", "detection_id": "d419ecc3-b819-4de3-bb28-fd570e859a65", "parent_id": "image"}, {"width": 64.6875, "height": 409.6875, "x": 420.0, "y": 273.90625, "confidence": 0.9365360736846924, "class_id": 1, "class": "pole", "detection_id": "d3233abd-3640-4261-863b-49c3e7f24f12", "parent_id": "image"}]}, "visualization": "<deducted_image>"}