{"predictions": {"image": {"width": 640, "height": 480}, "predictions": [{"width": 183.28125, "height": 147.34375, "x": 259.53125, "y": 217.1875, "confidence": 0.9925461411476135, "class_id": 0, "class": "bell", "detection_id": "3961e1ea-08c8-4a4c-8534-4857c0dd3204", "parent_id": "image"}, {"width": 59.4140625, "height": 395.625, "x": 338.75, "y": 281.40625, "confidence": 0.9897671341896057, "class_id": 1, "class": "pole", "detection_id": "c7d7cff8-b066-4cc8-8629-8a7e42ea7b47", "parent_id": "image"}]}, "visualization": "<deducted_image>"}