{"predictions": {"image": {"width": 720, "height": 1280}, "predictions": [{"width": 108.76641845703125, "height": 942.444091796875, "x": 527.9627990722656, "y": 471.2220458984375, "confidence": 0.9339032769203186, "class_id": 1, "class": "pole", "detection_id": "d6c64448-2c3c-4baa-8d1b-73709a0600da", "parent_id": "image"}, {"width": 172.91525268554688, "height": 129.64743041992188, "x": 389.7871551513672, "y": 378.39320373535156, "confidence": 0.9068949818611145, "class_id": 0, "class": "bell", "detection_id": "6ed09bf9-5c83-4e73-ad37-b102b5754085", "parent_id": "image"}]}, "visualization": "<deducted_image>"}