{"predictions": {"image": {"width": 720, "height": 1280}, "predictions": [{"width": 76.82742309570312, "height": 641.9933319091797, "x": 313.7771453857422, "y": 321.54178619384766, "confidence": 0.9539473056793213, "class_id": 1, "class": "pole", "detection_id": "40ddddbf-3d38-4b7e-abd4-b87600cf1d61", "parent_id": "image"}, {"width": 135.45919799804688, "height": 119.17273712158203, "x": 466.78443908691406, "y": 177.40050888061523, "confidence": 0.9474484324455261, "class_id": 0, "class": "bell", "detection_id": "db88d6cd-eb8c-4cfe-b7cd-f11a22cb4bfa", "parent_id": "image"}]}, "visualization": "<deducted_image>"}