{"predictions": {"image": {"width": 720, "height": 1280}, "predictions": [{"width": 161.0036163330078, "height": 1274.57080078125, "x": 304.7823715209961, "y": 637.285400390625, "confidence": 0.8947781920433044, "class_id": 1, "class": "pole", "detection_id": "7c06f5dd-37a8-49d5-a7c1-f412d88e11e7", "parent_id": "image"}, {"width": 84.01678466796875, "height": 126.79559326171875, "x": 677.9916076660156, "y": 468.5173034667969, "confidence": 0.49495306611061096, "class_id": 0, "class": "bell", "detection_id": "c279ffb3-69f9-4c17-8237-81584ca546ff", "parent_id": "image"}]}, "visualization": "<deducted_image>"}