{"predictions": {"image": {"width": 720, "height": 1280}, "predictions": [{"width": 122.02401733398438, "height": 97.48880004882812, "x": 481.8504180908203, "y": 477.96421813964844, "confidence": 0.948258101940155, "class_id": 0, "class": "bell", "detection_id": "bb330d74-bd82-4cb7-a051-398c379dd9ea", "parent_id": "image"}, {"width": 111.40907287597656, "height": 851.1039123535156, "x": 230.0106430053711, "y": 506.2280731201172, "confidence": 0.9263352155685425, "class_id": 1, "class": "pole", "detection_id": "00698404-7ecf-420f-9769-68c81baa4efd", "parent_id": "image"}]}, "visualization": "<deducted_image>"}