{"predictions": {"image": {"width": 720, "height": 1280}, "predictions": [{"width": 160.443603515625, "height": 124.6903076171875, "x": 533.8397216796875, "y": 399.89593505859375, "confidence": 0.7467180490493774, "class_id": 0, "class": "bell", "detection_id": "fcfb111a-b882-4e6f-a0c1-e3bd07c85dde", "parent_id": "image"}, {"width": 91.01986694335938, "height": 886.4542007446289, "x": 493.05177307128906, "y": 446.6169548034668, "confidence": 0.6908687949180603, "class_id": 1, "class": "pole", "detection_id": "b7e94cf0-a22a-4f94-a18a-11a2ce60462b", "parent_id": "image"}, {"width": 85.6796875, "height": 527.03759765625, "x": 489.364013671875, "y": 613.26171875, "confidence": 0.4538078308105469, "class_id": 1, "class": "pole", "detection_id": "832329fe-8c8b-46f8-8135-4849bb1b79a5", "parent_id": "image"}]}, "visualization": "<deducted_image>"}