{"predictions": {"image": {"width": 720, "height": 1280}, "predictions": [{"width": 119.73782348632812, "height": 1121.38916015625, "x": 553.7634124755859, "y": 560.694580078125, "confidence": 0.9009456038475037, "class_id": 1, "class": "pole", "detection_id": "c5aed2bb-0cba-4e7f-9cc1-b2d6e4efd19f", "parent_id": "image"}, {"width": 175.5557098388672, "height": 143.89605712890625, "x": 199.11359405517578, "y": 521.3172302246094, "confidence": 0.8471992611885071, "class_id": 0, "class": "bell", "detection_id": "917b4883-b874-41d1-b4fa-b36d82cbb875", "parent_id": "image"}]}, "visualization": "<deducted_image>"}