{"predictions": {"image": {"width": 720, "height": 1280}, "predictions": [{"width": 118.30926513671875, "height": 1274.59521484375, "x": 660.8453674316406, "y": 637.297607421875, "confidence": 0.8043307065963745, "class_id": 1, "class": "pole", "detection_id": "e0bc48cd-76f3-4854-a906-0e39e8b13b59", "parent_id": "image"}, {"width": 118.50872802734375, "height": 1253.9893798828125, "x": 660.7456359863281, "y": 626.9946899414062, "confidence": 0.6440775990486145, "class_id": 1, "class": "pole", "detection_id": "66ff3d17-e4cd-4e7e-8414-3f6eb84ed34a", "parent_id": "image"}, {"width": 223.591796875, "height": 187.11224365234375, "x": 346.3143310546875, "y": 704.7925720214844, "confidence": 0.5096918940544128, "class_id": 0, "class": "bell", "detection_id": "d1bf26bf-f64a-49c5-ae2b-6cafe907e43c", "parent_id": "image"}]}, "visualization": "<deducted_image>"}