{"predictions": {"image": {"width": 720, "height": 1280}, "predictions": [{"width": 142.0634765625, "height": 121.62457275390625, "x": 503.8258056640625, "y": 170.88027954101562, "confidence": 0.9453526139259338, "class_id": 0, "class": "bell", "detection_id": "38f458e9-909d-47ee-b55e-2c824a36e862", "parent_id": "image"}, {"width": 82.86587524414062, "height": 642.6121597290039, "x": 333.1569061279297, "y": 323.78010177612305, "confidence": 0.936151385307312, "class_id": 1, "class": "pole", "detection_id": "ce32dac3-ecd2-42cc-b9c4-2e61902b3d84", "parent_id": "image"}]}, "visualization": "<deducted_image>"}