{"predictions": {"image": {"width": 720, "height": 1280}, "predictions": [{"width": 199.96697998046875, "height": 162.14007568359375, "x": 620.0165100097656, "y": 480.2250671386719, "confidence": 0.9392245411872864, "class_id": 0, "class": "bell", "detection_id": "2f19a621-4529-49b4-9ea7-282fedf82fe7", "parent_id": "image"}, {"width": 131.876953125, "height": 1176.42626953125, "x": 223.79583740234375, "y": 588.213134765625, "confidence": 0.9297358989715576, "class_id": 1, "class": "pole", "detection_id": "a34389aa-4fab-4326-945c-ed1900e22fa4", "parent_id": "image"}]}, "visualization": "<deducted_image>"}