{"predictions": {"image": {"width": 720, "height": 1280}, "predictions": [{"width": 95.45428466796875, "height": 812.9197998046875, "x": 455.3200988769531, "y": 406.45989990234375, "confidence": 0.9598540663719177, "class_id": 1, "class": "pole", "detection_id": "82949d25-685d-4d41-8ef1-622b87c56df3", "parent_id": "image"}, {"width": 174.84115600585938, "height": 132.37713623046875, "x": 593.1729888916016, "y": 268.1581726074219, "confidence": 0.9425601363182068, "class_id": 0, "class": "bell", "detection_id": "a34143c4-bffa-4a47-8d7c-050a40f7494c", "parent_id": "image"}]}, "visualization": "<deducted_image>"}