{"predictions": {"image": {"width": 720, "height": 1280}, "predictions": [{"width": 284.8925552368164, "height": 1280.0, "x": 211.41709518432617, "y": 640.0, "confidence": 0.8027851581573486, "class_id": 1, "class": "pole", "detection_id": "d051a63d-eb25-4400-967c-b3b17e526e15", "parent_id": "image"}, {"width": 278.7784423828125, "height": 1260.4627380371094, "x": 212.47964477539062, "y": 633.8649444580078, "confidence": 0.8005721569061279, "class_id": 1, "class": "pole", "detection_id": "e936c406-1f6c-48a9-8898-3974eb2bff89", "parent_id": "image"}]}, "visualization": "<deducted_image>"}