{"predictions": {"image": {"width": 720, "height": 1280}, "predictions": [{"width": 138.69915771484375, "height": 958.2238159179688, "x": 622.5847473144531, "y": 479.1119079589844, "confidence": 0.9391821622848511, "class_id": 1, "class": "pole", "detection_id": "ac3c1577-96fb-4991-8b0a-db09739f21b1", "parent_id": "image"}, {"width": 193.94869995117188, "height": 164.19293212890625, "x": 276.64793395996094, "y": 281.74127197265625, "confidence": 0.9215335845947266, "class_id": 0, "class": "bell", "detection_id": "d76cb036-0a87-4f71-ad57-a23d9c55d64d", "parent_id": "image"}]}, "visualization": "<deducted_image>"}