{"predictions": {"image": {"width": 720, "height": 1280}, "predictions": [{"width": 153.74041748046875, "height": 122.91552734375, "x": 398.228515625, "y": 671.1887817382812, "confidence": 0.9442335963249207, "class_id": 0, "class": "bell", "detection_id": "41c85974-1ed1-4a89-9793-fc98d90abe52", "parent_id": "image"}, {"width": 166.68373107910156, "height": 1024.4281311035156, "x": 83.34186553955078, "y": 726.6003875732422, "confidence": 0.6496506929397583, "class_id": 1, "class": "pole", "detection_id": "cda2c009-eed7-4ade-86c1-9a81300eb1d2", "parent_id": "image"}]}, "visualization": "<deducted_image>"}