{"predictions": {"image": {"width": 720, "height": 1280}, "predictions": [{"width": 87.28079223632812, "height": 659.5387878417969, "x": 398.87623596191406, "y": 331.8389434814453, "confidence": 0.9445751905441284, "class_id": 1, "class": "pole", "detection_id": "7759a164-e063-48be-8da3-af8ac7ad1e50", "parent_id": "image"}, {"width": 136.03726196289062, "height": 107.75517272949219, "x": 570.4353485107422, "y": 203.67935943603516, "confidence": 0.9378947019577026, "class_id": 0, "class": "bell", "detection_id": "7d028558-680e-473c-a735-dc3105af7664", "parent_id": "image"}]}, "visualization": "<deducted_image>"}