{"predictions": {"image": {"width": 720, "height": 1280}, "predictions": [{"width": 108.49798583984375, "height": 667.096321105957, "x": 450.3049621582031, "y": 337.1932945251465, "confidence": 0.9334510564804077, "class_id": 1, "class": "pole", "detection_id": "461d8b19-6ae9-4a4a-9268-f0418a00b38b", "parent_id": "image"}, {"width": 130.99853515625, "height": 107.99969482421875, "x": 654.500732421875, "y": 214.05294799804688, "confidence": 0.9273062348365784, "class_id": 0, "class": "bell", "detection_id": "925f1ed4-13ee-447f-b1e5-cd3dad71ab17", "parent_id": "image"}]}, "visualization": "<deducted_image>"}