{"predictions": {"image": {"width": 720, "height": 1280}, "predictions": [{"width": 87.34109497070312, "height": 855.9030303955078, "x": 233.3264617919922, "y": 491.11641693115234, "confidence": 0.9120569229125977, "class_id": 1, "class": "pole", "detection_id": "2b182ab9-171b-4b3c-8140-d97507d4ef22", "parent_id": "image"}, {"width": 111.3155517578125, "height": 98.95382690429688, "x": 480.963134765625, "y": 486.39247131347656, "confidence": 0.8455234169960022, "class_id": 0, "class": "bell", "detection_id": "9df35810-6528-49e2-b01f-d54f89aaa7bf", "parent_id": "image"}]}, "visualization": "<deducted_image>"}