{"predictions": {"image": {"width": 720, "height": 1280}, "predictions": [{"width": 107.86219787597656, "height": 842.5849533081055, "x": 251.6748275756836, "y": 422.9497718811035, "confidence": 0.9443783760070801, "class_id": 1, "class": "pole", "detection_id": "83bc34dd-09b4-4ca1-8b4c-eb2e0e00d535", "parent_id": "image"}, {"width": 155.08404541015625, "height": 126.7718505859375, "x": 482.9506530761719, "y": 394.8251037597656, "confidence": 0.8937347531318665, "class_id": 0, "class": "bell", "detection_id": "256c7c0d-d88b-443b-8964-1d9a96ab1b94", "parent_id": "image"}]}, "visualization": "<deducted_image>"}