{"predictions": {"image": {"width": 720, "height": 1280}, "predictions": [{"width": 127.7244873046875, "height": 1091.2182922363281, "x": 545.8474731445312, "y": 632.0530853271484, "confidence": 0.8285313248634338, "class_id": 1, "class": "pole", "detection_id": "bdc0cc33-6bbc-4265-bc24-ad4252f333ad", "parent_id": "image"}, {"width": 207.52899169921875, "height": 163.31207275390625, "x": 355.1316833496094, "y": 643.6207580566406, "confidence": 0.7046453952789307, "class_id": 0, "class": "bell", "detection_id": "bc6f40cd-f0fa-4c6b-a327-93045035935f", "parent_id": "image"}]}, "visualization": "<deducted_image>"}