{"predictions": {"image": {"width": 720, "height": 1280}, "predictions": [{"width": 105.26596069335938, "height": 769.5888900756836, "x": 288.48255920410156, "y": 388.65983963012695, "confidence": 0.9530826210975647, "class_id": 1, "class": "pole", "detection_id": "4091c80d-2697-4000-95a0-381e7a4b91e1", "parent_id": "image"}, {"width": 156.09927368164062, "height": 134.48623657226562, "x": 589.7621917724609, "y": 243.2248992919922, "confidence": 0.9526394605636597, "class_id": 0, "class": "bell", "detection_id": "4d8883b8-f138-42f3-835c-1b38f3fa8224", "parent_id": "image"}, {"width": 50.914703369140625, "height": 713.6333084106445, "x": 462.6608428955078, "y": 357.66088485717773, "confidence": 0.46744856238365173, "class_id": 1, "class": "pole", "detection_id": "26247bfe-d894-47f4-86ec-ce5d6c6de238", "parent_id": "image"}]}, "visualization": "<deducted_image>"}