{"predictions": {"image": {"width": 720, "height": 1280}, "predictions": [{"width": 147.88109970092773, "height": 1039.0611572265625, "x": 122.46281623840332, "y": 519.5305786132812, "confidence": 0.9138427972793579, "class_id": 1, "class": "pole", "detection_id": "6aa370ba-32b1-4d27-832e-0c679b04d97b", "parent_id": "image"}, {"width": 212.78651428222656, "height": 187.15167236328125, "x": 358.13753509521484, "y": 572.1736755371094, "confidence": 0.4992927014827728, "class_id": 0, "class": "bell", "detection_id": "d4225f87-c678-47d3-9a02-fdda1ac53757", "parent_id": "image"}]}, "visualization": "<deducted_image>"}