{"predictions": {"image": {"width": 720, "height": 1280}, "predictions": [{"width": 102.64483642578125, "height": 645.7738876342773, "x": 304.975830078125, "y": 324.2401313781738, "confidence": 0.9468396306037903, "class_id": 1, "class": "pole", "detection_id": "e7932471-772c-4e47-8e4e-fa16a46b2948", "parent_id": "image"}, {"width": 212.85140991210938, "height": 80.31422233581543, "x": 543.2624664306641, "y": 41.68601322174072, "confidence": 0.8150144815444946, "class_id": 0, "class": "bell", "detection_id": "c30baf28-0e94-4a38-b874-094970d11d83", "parent_id": "image"}]}, "visualization": "<deducted_image>"}