{"predictions": {"image": {"width": 720, "height": 1280}, "predictions": [{"width": 87.21371459960938, "height": 639.2787895202637, "x": 267.3205108642578, "y": 322.0005588531494, "confidence": 0.9379357099533081, "class_id": 1, "class": "pole", "detection_id": "187c07ca-a75e-4383-a880-f9db6bee56c4", "parent_id": "image"}, {"width": 159.29608154296875, "height": 142.92187118530273, "x": 451.9948425292969, "y": 113.88015937805176, "confidence": 0.9276610612869263, "class_id": 0, "class": "bell", "detection_id": "ae9b7cfa-8d54-45b0-855d-d63fa4af1798", "parent_id": "image"}]}, "visualization": "<deducted_image>"}