{"predictions": {"image": {"width": 720, "height": 1280}, "predictions": [{"width": 247.61831665039062, "height": 202.554443359375, "x": 414.3795623779297, "y": 629.7320556640625, "confidence": 0.7491136789321899, "class_id": 0, "class": "bell", "detection_id": "367c0095-3996-40fd-9077-af4df37fc072", "parent_id": "image"}, {"width": 37.07781982421875, "height": 1280.0, "x": 700.4158630371094, "y": 640.0, "confidence": 0.6405629515647888, "class_id": 1, "class": "pole", "detection_id": "232963ae-a294-4973-bc04-00ee1be4d5c7", "parent_id": "image"}]}, "visualization": "<deducted_image>"}