{"predictions": {"image": {"width": 720, "height": 1280}, "predictions": [{"width": 162.75912475585938, "height": 1017.3936157226562, "x": 391.4546661376953, "y": 509.7542419433594, "confidence": 0.9388846755027771, "class_id": 1, "class": "pole", "detection_id": "c61c25e8-3bcc-426f-af0c-f1f490e801d2", "parent_id": "image"}, {"width": 61.09656524658203, "height": 757.8837890625, "x": 80.80147933959961, "y": 378.94189453125, "confidence": 0.6170262098312378, "class_id": 1, "class": "pole", "detection_id": "49e94bd6-28d1-4d69-a54d-e5024c1713c0", "parent_id": "image"}]}, "visualization": "<deducted_image>"}