{"predictions": {"image": {"width": 720, "height": 1280}, "predictions": [{"width": 133.25912475585938, "height": 1123.7378768920898, "x": 542.6400299072266, "y": 563.2373847961426, "confidence": 0.9124786853790283, "class_id": 1, "class": "pole", "detection_id": "1ebd8893-1710-4031-99c3-4e112111797e", "parent_id": "image"}, {"width": 203.94131469726562, "height": 172.8206787109375, "x": 315.04078674316406, "y": 614.6707153320312, "confidence": 0.5406330227851868, "class_id": 0, "class": "bell", "detection_id": "34765b03-b2dc-41c5-9c8f-ab7f9cfa2b4e", "parent_id": "image"}]}, "visualization": "<deducted_image>"}