{"predictions": {"image": {"width": 720, "height": 1280}, "predictions": [{"width": 89.02543640136719, "height": 862.6085815429688, "x": 237.5162124633789, "y": 440.0063781738281, "confidence": 0.9468181133270264, "class_id": 1, "class": "pole", "detection_id": "b1f74837-8ffc-4982-99ef-7e0629ed0390", "parent_id": "image"}, {"width": 120.46630859375, "height": 95.00173950195312, "x": 480.1259765625, "y": 429.1733856201172, "confidence": 0.9232369065284729, "class_id": 0, "class": "bell", "detection_id": "1168d021-6b7c-4e39-841a-035ef420eff7", "parent_id": "image"}, {"width": 38.006622314453125, "height": 695.5276336669922, "x": 334.77464294433594, "y": 400.83304595947266, "confidence": 0.6565002202987671, "class_id": 1, "class": "pole", "detection_id": "a9ec3761-43fa-48b8-b3d3-0e715fba1016", "parent_id": "image"}]}, "visualization": "<deducted_image>"}