{"predictions": {"image": {"width": 720, "height": 1280}, "predictions": [{"width": 140.13311767578125, "height": 875.2645111083984, "x": 478.5401306152344, "y": 437.95703887939453, "confidence": 0.9228156208992004, "class_id": 1, "class": "pole", "detection_id": "9a7ca9fe-298d-4c3d-815f-4c8c7a7dfe78", "parent_id": "image"}, {"width": 41.680328369140625, "height": 729.2039108276367, "x": 157.647216796875, "y": 365.39682388305664, "confidence": 0.6345645189285278, "class_id": 1, "class": "pole", "detection_id": "91131711-4b29-40b0-8e84-a0064efb08b4", "parent_id": "image"}]}, "visualization": "<deducted_image>"}