{"predictions": {"image": {"width": 720, "height": 1280}, "predictions": [{"width": 145.23290252685547, "height": 633.9846725463867, "x": 145.9846076965332, "y": 318.3362159729004, "confidence": 0.7875703573226929, "class_id": 1, "class": "pole", "detection_id": "027f5196-d424-47f8-b27e-642432250945", "parent_id": "image"}, {"width": 145.8283462524414, "height": 646.0077285766602, "x": 146.30385971069336, "y": 326.5585136413574, "confidence": 0.6244701743125916, "class_id": 1, "class": "pole", "detection_id": "c5d4d791-03de-4b4b-abde-cdd6d36ce8bf", "parent_id": "image"}]}, "visualization": "<deducted_image>"}