{"predictions": {"image": {"width": 720, "height": 1280}, "predictions": [{"width": 79.68508911132812, "height": 648.1020202636719, "x": 326.00791931152344, "y": 326.0100860595703, "confidence": 0.9441872239112854, "class_id": 1, "class": "pole", "detection_id": "641657fd-0239-42c2-8525-82954d185d59", "parent_id": "image"}, {"width": 145.95550537109375, "height": 121.81816101074219, "x": 493.4651184082031, "y": 157.27787017822266, "confidence": 0.9409924745559692, "class_id": 0, "class": "bell", "detection_id": "6ba6ec2b-1bcb-4134-a9fe-4c0e39e35d08", "parent_id": "image"}]}, "visualization": "<deducted_image>"}