{"predictions": {"image": {"width": 720, "height": 1280}, "predictions": [{"width": 168.91257667541504, "height": 1005.749267578125, "x": 111.03684520721436, "y": 502.8746337890625, "confidence": 0.8741993308067322, "class_id": 1, "class": "pole", "detection_id": "ec4babfd-abf4-4518-92cc-6b021c064b97", "parent_id": "image"}, {"width": 208.719482421875, "height": 177.32785034179688, "x": 234.96237182617188, "y": 593.4039459228516, "confidence": 0.4349064230918884, "class_id": 0, "class": "bell", "detection_id": "046408c9-f76c-4ca2-9501-ef39a091ae43", "parent_id": "image"}]}, "visualization": "<deducted_image>"}