{"predictions": {"image": {"width": 720, "height": 1280}, "predictions": [{"width": 107.02519226074219, "height": 699.6923217773438, "x": 231.68378448486328, "y": 354.3880920410156, "confidence": 0.9375054240226746, "class_id": 1, "class": "pole", "detection_id": "870eca2d-839d-44d5-bb80-11c2320300e6", "parent_id": "image"}, {"width": 148.56015014648438, "height": 129.3426513671875, "x": 497.96083068847656, "y": 210.727783203125, "confidence": 0.9304797649383545, "class_id": 0, "class": "bell", "detection_id": "3d9e933c-900b-42c2-94c8-ec97757635f7", "parent_id": "image"}]}, "visualization": "<deducted_image>"}