{"predictions": {"image": {"width": 720, "height": 1280}, "predictions": [{"width": 146.93646240234375, "height": 949.6148681640625, "x": 627.2721252441406, "y": 474.80743408203125, "confidence": 0.9281302094459534, "class_id": 1, "class": "pole", "detection_id": "51ac8154-d718-4e3c-8e23-ffc82b144dae", "parent_id": "image"}, {"width": 193.4556884765625, "height": 168.75808715820312, "x": 257.7082214355469, "y": 273.3658905029297, "confidence": 0.922926664352417, "class_id": 0, "class": "bell", "detection_id": "49610875-b4b9-4e70-b260-4e59acf3fe09", "parent_id": "image"}]}, "visualization": "<deducted_image>"}