{"predictions": {"image": {"width": 720, "height": 1280}, "predictions": [{"width": 157.26522827148438, "height": 124.25711059570312, "x": 534.2064971923828, "y": 396.37290954589844, "confidence": 0.9331392049789429, "class_id": 0, "class": "bell", "detection_id": "75620414-7c61-4264-bd0b-a318fa271b78", "parent_id": "image"}, {"width": 92.61636352539062, "height": 875.3525161743164, "x": 472.45030212402344, "y": 447.8339958190918, "confidence": 0.7603073716163635, "class_id": 1, "class": "pole", "detection_id": "40668eab-1060-436c-8a0f-db02263977ce", "parent_id": "image"}, {"width": 88.96383666992188, "height": 833.3107376098633, "x": 472.49794006347656, "y": 418.2008934020996, "confidence": 0.7203196883201599, "class_id": 1, "class": "pole", "detection_id": "b807d016-ebe2-4529-8291-1e66069bdb0e", "parent_id": "image"}]}, "visualization": "<deducted_image>"}