{"predictions": {"image": {"width": 720, "height": 1280}, "predictions": [{"width": 185.95611572265625, "height": 900.348747253418, "x": 451.1684875488281, "y": 453.1301918029785, "confidence": 0.9165089130401611, "class_id": 1, "class": "pole", "detection_id": "a52e7549-d737-4c5e-b6dd-fae71d95cca2", "parent_id": "image"}, {"width": 74.36589050292969, "height": 737.6555480957031, "x": 191.83953094482422, "y": 373.70127868652344, "confidence": 0.5481855273246765, "class_id": 1, "class": "pole", "detection_id": "d9727c5f-b81b-4d28-8483-92174a79c8dc", "parent_id": "image"}]}, "visualization": "<deducted_image>"}