{"predictions": {"image": {"width": 720, "height": 1280}, "predictions": [{"width": 120.9185791015625, "height": 1044.5927734375, "x": 583.6098022460938, "y": 522.29638671875, "confidence": 0.9351155161857605, "class_id": 1, "class": "pole", "detection_id": "9aa7e6a5-d68b-4ba1-a30e-043616aa7a51", "parent_id": "image"}, {"width": 175.03196716308594, "height": 134.5426025390625, "x": 226.37747955322266, "y": 397.00347900390625, "confidence": 0.8315025568008423, "class_id": 0, "class": "bell", "detection_id": "e70192a6-c975-417a-868c-b288c5d94425", "parent_id": "image"}]}, "visualization": "<deducted_image>"}