{"predictions": {"image": {"width": 720, "height": 1280}, "predictions": [{"width": 221.89096069335938, "height": 181.38644409179688, "x": 539.9949493408203, "y": 383.08876037597656, "confidence": 0.9443569183349609, "class_id": 0, "class": "bell", "detection_id": "ac0980de-5d30-4b19-85a3-646b3f9bc17e", "parent_id": "image"}, {"width": 166.1612548828125, "height": 1204.9320373535156, "x": 83.08062744140625, "y": 604.3054656982422, "confidence": 0.8500800132751465, "class_id": 1, "class": "pole", "detection_id": "1688ccf8-08ff-45d1-a619-21114826df45", "parent_id": "image"}]}, "visualization": "<deducted_image>"}