{"predictions": {"image": {"width": 720, "height": 1280}, "predictions": [{"width": 173.39453125, "height": 128.94186401367188, "x": 587.4974975585938, "y": 321.46397399902344, "confidence": 0.9473090171813965, "class_id": 0, "class": "bell", "detection_id": "d4038b95-71f1-4bc0-b8f4-3a859bfb8633", "parent_id": "image"}, {"width": 95.3443603515625, "height": 838.9720458984375, "x": 480.02520751953125, "y": 419.48602294921875, "confidence": 0.9439111351966858, "class_id": 1, "class": "pole", "detection_id": "7fe40118-ca69-4812-9516-552673505843", "parent_id": "image"}]}, "visualization": "<deducted_image>"}