{"predictions": {"image": {"width": 720, "height": 1280}, "predictions": [{"width": 66.99624633789062, "height": 580.2514991760254, "x": 310.9935760498047, "y": 291.9423656463623, "confidence": 0.9547303318977356, "class_id": 1, "class": "pole", "detection_id": "6315f12a-d79a-4baa-a9be-2dea295a1a7d", "parent_id": "image"}, {"width": 113.79345703125, "height": 98.04122924804688, "x": 440.9908752441406, "y": 194.7178497314453, "confidence": 0.9454600811004639, "class_id": 0, "class": "bell", "detection_id": "560020ba-370c-4160-abe4-b4bb8c5b8f83", "parent_id": "image"}]}, "visualization": "<deducted_image>"}