{"predictions": {"image": {"width": 720, "height": 1280}, "predictions": [{"width": 95.35569763183594, "height": 646.3226776123047, "x": 239.64258575439453, "y": 324.42240142822266, "confidence": 0.958808422088623, "class_id": 1, "class": "pole", "detection_id": "8a369d23-e366-4785-b252-538e3b7c886c", "parent_id": "image"}, {"width": 178.48544311523438, "height": 123.24208164215088, "x": 440.1028594970703, "y": 61.795005321502686, "confidence": 0.9431592226028442, "class_id": 0, "class": "bell", "detection_id": "effa62a3-2881-4468-bc70-7ffd7186d41b", "parent_id": "image"}]}, "visualization": "<deducted_image>"}