{"predictions": {"image": {"width": 720, "height": 1280}, "predictions": [{"width": 119.520263671875, "height": 96.86953735351562, "x": 452.1028137207031, "y": 222.6615753173828, "confidence": 0.9575843214988708, "class_id": 0, "class": "bell", "detection_id": "10b3b6f8-7d22-40c0-b235-f3d16c9cc5df", "parent_id": "image"}, {"width": 70.36477661132812, "height": 657.107666015625, "x": 321.26133728027344, "y": 328.5538330078125, "confidence": 0.9531762003898621, "class_id": 1, "class": "pole", "detection_id": "3d67359f-cf5c-4f9d-a9d6-b17dda341f64", "parent_id": "image"}]}, "visualization": "<deducted_image>"}