{"predictions": {"image": {"width": 720, "height": 1280}, "predictions": [{"width": 120.23095703125, "height": 699.3682022094727, "x": 395.4351501464844, "y": 353.6037406921387, "confidence": 0.9264274835586548, "class_id": 1, "class": "pole", "detection_id": "e2e49460-f648-4f77-ad5d-776992cc6053", "parent_id": "image"}, {"width": 147.347900390625, "height": 113.34849548339844, "x": 619.3947143554688, "y": 255.92899322509766, "confidence": 0.8971186876296997, "class_id": 0, "class": "bell", "detection_id": "d9521f27-f297-4e91-99b9-1ba5a167d47c", "parent_id": "image"}]}, "visualization": "<deducted_image>"}