{"predictions": {"image": {"width": 720, "height": 1280}, "predictions": [{"width": 151.415771484375, "height": 809.2019729614258, "x": 539.989990234375, "y": 404.7173728942871, "confidence": 0.9169026017189026, "class_id": 1, "class": "pole", "detection_id": "3f830706-a9cf-4e0a-884b-52ea81bcdfa9", "parent_id": "image"}, {"width": 193.57425689697266, "height": 172.74683380126953, "x": 154.66167831420898, "y": 126.03226852416992, "confidence": 0.8954852223396301, "class_id": 0, "class": "bell", "detection_id": "eb9a0945-e4df-40f9-9756-a08791bf8903", "parent_id": "image"}, {"width": 155.11679077148438, "height": 118.97708129882812, "x": 407.3200225830078, "y": 225.48841857910156, "confidence": 0.4896140694618225, "class_id": 0, "class": "bell", "detection_id": "d2614c77-8355-43cc-bec3-88737dba9f3f", "parent_id": "image"}]}, "visualization": "<deducted_image>"}