{"predictions": {"image": {"width": 720, "height": 1280}, "predictions": [{"width": 123.92430114746094, "height": 780.9109497070312, "x": 201.82657623291016, "y": 390.4554748535156, "confidence": 0.4616006314754486, "class_id": 1, "class": "pole", "detection_id": "c9db0276-0742-4447-a1db-add4188594f3", "parent_id": "image"}, {"width": 55.5224609375, "height": 805.1470947265625, "x": 241.302978515625, "y": 402.57354736328125, "confidence": 0.44367361068725586, "class_id": 1, "class": "pole", "detection_id": "838aeb23-4332-48a8-b59c-3c104461fb54", "parent_id": "image"}, {"width": 315.54132080078125, "height": 252.6065673828125, "x": 431.3230285644531, "y": 520.5358276367188, "confidence": 0.43417122960090637, "class_id": 0, "class": "bell", "detection_id": "6b2f1f41-81a6-4293-bee7-2eb20f2cc721", "parent_id": "image"}]}, "visualization": "<deducted_image>"}