{"predictions": {"image": {"width": 720, "height": 1280}, "predictions": [{"width": 88.15139770507812, "height": 919.1142578125, "x": 345.96046447753906, "y": 459.55712890625, "confidence": 0.9493569135665894, "class_id": 1, "class": "pole", "detection_id": "434a8cfe-3735-4d62-b42e-17c72fdf91cc", "parent_id": "image"}, {"width": 164.86358642578125, "height": 135.093994140625, "x": 490.8833312988281, "y": 402.41693115234375, "confidence": 0.8303515911102295, "class_id": 0, "class": "bell", "detection_id": "9edc129d-11d3-4ac6-8806-2a6a682e1b7a", "parent_id": "image"}]}, "visualization": "<deducted_image>"}