{"predictions": {"image": {"width": 720, "height": 1280}, "predictions": [{"width": 159.45468139648438, "height": 1280.0, "x": 488.4405059814453, "y": 640.0, "confidence": 0.6419938802719116, "class_id": 1, "class": "pole", "detection_id": "549e529c-8b33-4b68-90eb-1efe3600a3d5", "parent_id": "image"}, {"width": 374.278076171875, "height": 352.8032684326172, "x": 532.8609619140625, "y": 282.14945220947266, "confidence": 0.43300750851631165, "class_id": 0, "class": "bell", "detection_id": "4a9d9f2d-68fb-457a-bbb5-c61065cb8759", "parent_id": "image"}, {"width": 161.52572631835938, "height": 825.502197265625, "x": 491.77015686035156, "y": 867.2489013671875, "confidence": 0.4173482060432434, "class_id": 1, "class": "pole", "detection_id": "efdcfb8b-1deb-4fb5-9285-9c6ee52ea2fd", "parent_id": "image"}]}, "visualization": "<deducted_image>"}