{"predictions": {"image": {"width": 720, "height": 1280}, "predictions": [{"width": 93.27503967285156, "height": 865.3855514526367, "x": 195.00328826904297, "y": 433.96432876586914, "confidence": 0.9395443201065063, "class_id": 1, "class": "pole", "detection_id": "bd5f4c9b-a850-4017-8ac7-80e26ac080ee", "parent_id": "image"}, {"width": 61.37933349609375, "height": 711.3573379516602, "x": 567.7069396972656, "y": 357.2051200866699, "confidence": 0.6376978158950806, "class_id": 1, "class": "pole", "detection_id": "934a6754-b6cd-480e-8377-4d1a19a58110", "parent_id": "image"}, {"width": 126.81646728515625, "height": 104.63571166992188, "x": 440.28155517578125, "y": 398.56712341308594, "confidence": 0.44058093428611755, "class_id": 0, "class": "bell", "detection_id": "957f9839-76c0-44f9-99c8-4889005dd7ce", "parent_id": "image"}]}, "visualization": "<deducted_image>"}