{"predictions": {"image": {"width": 720, "height": 1280}, "predictions": [{"width": 85.45285034179688, "height": 525.1080322265625, "x": 436.4591827392578, "y": 408.15411376953125, "confidence": 0.4583691954612732, "class_id": 1, "class": "pole", "detection_id": "dece4eb1-e089-483a-bb99-f808fdbcc82e", "parent_id": "image"}, {"width": 89.444091796875, "height": 667.8997421264648, "x": 439.96282958984375, "y": 335.1236152648926, "confidence": 0.43883028626441956, "class_id": 1, "class": "pole", "detection_id": "1dd0a2f4-dfbd-4990-a4ff-8ab8e205b0e4", "parent_id": "image"}]}, "visualization": "<deducted_image>"}