{"predictions": {"image": {"width": 720, "height": 1280}, "predictions": [{"width": 93.61614990234375, "height": 559.6686401367188, "x": 415.4877014160156, "y": 282.1521301269531, "confidence": 0.6859920024871826, "class_id": 1, "class": "pole", "detection_id": "12709b21-ef7d-41ff-9708-3578b17bdd51", "parent_id": "image"}, {"width": 84.37808227539062, "height": 712.0915145874023, "x": 424.0309295654297, "y": 378.2558784484863, "confidence": 0.5449783205986023, "class_id": 1, "class": "pole", "detection_id": "6e695735-cf29-4164-bfb4-7e34ff1c2bfd", "parent_id": "image"}]}, "visualization": "<deducted_image>"}