{"predictions": {"image": {"width": 720, "height": 1280}, "predictions": [{"width": 104.8218994140625, "height": 893.0377197265625, "x": 203.872802734375, "y": 446.51885986328125, "confidence": 0.9293396472930908, "class_id": 1, "class": "pole", "detection_id": "727ee372-c49b-42e1-b81b-cdbeebb494dd", "parent_id": "image"}, {"width": 173.8236541748047, "height": 135.23004150390625, "x": 302.06168365478516, "y": 390.33843994140625, "confidence": 0.8828758001327515, "class_id": 0, "class": "bell", "detection_id": "05024f4f-47a4-463e-974c-dd362ba1cab1", "parent_id": "image"}]}, "visualization": "<deducted_image>"}