{"predictions": {"image": {"width": 720, "height": 1280}, "predictions": [{"width": 172.255126953125, "height": 973.57861328125, "x": 452.333251953125, "y": 486.789306640625, "confidence": 0.8441913723945618, "class_id": 1, "class": "pole", "detection_id": "f62e2e3c-0c00-46c7-a604-02d451054e95", "parent_id": "image"}, {"width": 179.70795488357544, "height": 135.30914306640625, "x": 93.73513388633728, "y": 368.8866271972656, "confidence": 0.7062900066375732, "class_id": 0, "class": "bell", "detection_id": "e68a4870-956d-4212-93c4-cf7b0ea54de5", "parent_id": "image"}]}, "visualization": "<deducted_image>"}