{"predictions": {"image": {"width": 720, "height": 1280}, "predictions": [{"width": 92.83404541015625, "height": 620.5944786071777, "x": 450.00811767578125, "y": 360.6371479034424, "confidence": 0.756661593914032, "class_id": 1, "class": "pole", "detection_id": "5f1e715a-18e3-48ac-8797-0b549e5e1802", "parent_id": "image"}, {"width": 171.79150390625, "height": 135.3379364013672, "x": 476.6990966796875, "y": 122.95732879638672, "confidence": 0.4475904405117035, "class_id": 0, "class": "bell", "detection_id": "cf297fcd-e65c-4844-8b4a-bc98366ff12b", "parent_id": "image"}]}, "visualization": "<deducted_image>"}