{"predictions": {"image": {"width": 720, "height": 1280}, "predictions": [{"width": 201.6920509338379, "height": 167.097900390625, "x": 125.93226432800293, "y": 778.7020874023438, "confidence": 0.6172210574150085, "class_id": 0, "class": "bell", "detection_id": "0ad69d65-c22e-4519-a223-927df7ceb5b5", "parent_id": "image"}, {"width": 186.59857177734375, "height": 1280.0, "x": 536.1672668457031, "y": 640.0, "confidence": 0.5182834267616272, "class_id": 1, "class": "pole", "detection_id": "a01307b9-0f95-492f-8516-7e974f76d14c", "parent_id": "image"}, {"width": 178.185546875, "height": 1274.5263671875, "x": 540.51171875, "y": 642.73681640625, "confidence": 0.4338986575603485, "class_id": 1, "class": "pole", "detection_id": "62aa89c3-9af8-43c1-8da2-6be916420f96", "parent_id": "image"}]}, "visualization": "<deducted_image>"}