{"predictions": {"image": {"width": 720, "height": 1280}, "predictions": [{"width": 158.6338653564453, "height": 1033.6519927978516, "x": 332.3009567260742, "y": 518.7805709838867, "confidence": 0.8716734647750854, "class_id": 1, "class": "pole", "detection_id": "c30a35a3-fa4e-41e0-8d57-1b7a4e7d8e7f", "parent_id": "image"}]}, "visualization": "<deducted_image>"}