{"predictions": {"image": {"width": 720, "height": 1280}, "predictions": [{"width": 131.9107666015625, "height": 921.2909622192383, "x": 417.1429138183594, "y": 463.22646713256836, "confidence": 0.8861805200576782, "class_id": 1, "class": "pole", "detection_id": "4c6fb266-6d0f-4993-b05f-67f90c7dff82", "parent_id": "image"}, {"width": 115.589599609375, "height": 115.56231689453125, "x": 662.2052001953125, "y": 454.8805236816406, "confidence": 0.7239113450050354, "class_id": 0, "class": "bell", "detection_id": "827068be-c4cc-423e-9df1-7b8bc6bfc65b", "parent_id": "image"}]}, "visualization": "<deducted_image>"}