{"predictions": {"image": {"width": 720, "height": 1280}, "predictions": [{"width": 81.80491638183594, "height": 802.4457550048828, "x": 211.41680145263672, "y": 401.46846771240234, "confidence": 0.8977597951889038, "class_id": 1, "class": "pole", "detection_id": "03604666-e190-4714-ab2a-b7244bed904d", "parent_id": "image"}, {"width": 133.21865844726562, "height": 103.50006103515625, "x": 360.73667907714844, "y": 416.1450500488281, "confidence": 0.4516206681728363, "class_id": 0, "class": "bell", "detection_id": "c6cfc34a-a4a2-4eeb-8d99-93e65cd3fd89", "parent_id": "image"}]}, "visualization": "<deducted_image>"}