{"predictions": {"image": {"width": 720, "height": 1280}, "predictions": [{"width": 81.4471435546875, "height": 520.8278656005859, "x": 398.01153564453125, "y": 421.79065704345703, "confidence": 0.6439490914344788, "class_id": 1, "class": "pole", "detection_id": "e329d092-7e75-42a3-b1c3-5d75779c5572", "parent_id": "image"}, {"width": 144.22525024414062, "height": 106.29693603515625, "x": 421.44090270996094, "y": 216.97811889648438, "confidence": 0.5846013426780701, "class_id": 0, "class": "bell", "detection_id": "1b11901a-5f3a-44da-85be-57e0ce015b37", "parent_id": "image"}]}, "visualization": "<deducted_image>"}