{"predictions": {"image": {"width": 720, "height": 1280}, "predictions": [{"width": 134.32534790039062, "height": 755.4686813354492, "x": 416.26210021972656, "y": 381.9984474182129, "confidence": 0.9024516940116882, "class_id": 1, "class": "pole", "detection_id": "e62d1f69-e826-4043-8625-df517d1a98f2", "parent_id": "image"}, {"width": 132.2786865234375, "height": 108.082763671875, "x": 632.0655517578125, "y": 385.299072265625, "confidence": 0.5348767042160034, "class_id": 0, "class": "bell", "detection_id": "e1391026-4fd5-4bd4-bf3a-80dffa89e4d9", "parent_id": "image"}]}, "visualization": "<deducted_image>"}