{"predictions": {"image": {"width": 720, "height": 1280}, "predictions": [{"width": 148.4959716796875, "height": 1222.90087890625, "x": 645.7520141601562, "y": 611.450439453125, "confidence": 0.8930550217628479, "class_id": 1, "class": "pole", "detection_id": "6836f397-7997-4ec9-903e-7f825c0afe5d", "parent_id": "image"}, {"width": 207.0126495361328, "height": 158.09832763671875, "x": 241.04390716552734, "y": 550.0389099121094, "confidence": 0.5623918771743774, "class_id": 0, "class": "bell", "detection_id": "30810291-12b4-46a8-a707-f41400f60dc8", "parent_id": "image"}]}, "visualization": "<deducted_image>"}