{"predictions": {"image": {"width": 720, "height": 1280}, "predictions": [{"width": 188.880126953125, "height": 1177.3379287719727, "x": 324.99395751953125, "y": 588.8825492858887, "confidence": 0.768036961555481, "class_id": 1, "class": "pole", "detection_id": "52a806b2-8d9a-41e1-9a62-54a601e1fd41", "parent_id": "image"}, {"width": 194.1626739501953, "height": 1166.9074783325195, "x": 331.24092864990234, "y": 588.5972862243652, "confidence": 0.5941756963729858, "class_id": 1, "class": "pole", "detection_id": "7d0006b3-63a2-4c69-bef9-5c5bd85dab41", "parent_id": "image"}, {"width": 291.34246826171875, "height": 1280.0, "x": 375.6723327636719, "y": 640.0, "confidence": 0.4415017068386078, "class_id": 1, "class": "pole", "detection_id": "2d00af03-7bc2-417f-a018-71fac80b0da3", "parent_id": "image"}]}, "visualization": "<deducted_image>"}