{"predictions": {"image": {"width": 720, "height": 1280}, "predictions": [{"width": 145.42041015625, "height": 902.9537963867188, "x": 72.710205078125, "y": 487.2383117675781, "confidence": 0.8929263353347778, "class_id": 1, "class": "pole", "detection_id": "a7304b6d-2991-467c-b2e5-3f31d04b0363", "parent_id": "image"}, {"width": 156.17987060546875, "height": 128.51715087890625, "x": 149.24752807617188, "y": 508.5307922363281, "confidence": 0.6515171527862549, "class_id": 0, "class": "bell", "detection_id": "3c24b7da-494a-46fc-9ca0-d09258168b6e", "parent_id": "image"}]}, "visualization": "<deducted_image>"}