{"predictions": {"image": {"width": 720, "height": 1280}, "predictions": [{"width": 87.59347534179688, "height": 508.13934326171875, "x": 411.3404083251953, "y": 435.7870178222656, "confidence": 0.724664032459259, "class_id": 1, "class": "pole", "detection_id": "8d984e8b-7601-4f7c-8f5a-431f726c7158", "parent_id": "image"}, {"width": 116.72998046875, "height": 96.43353271484375, "x": 433.5771179199219, "y": 632.4447326660156, "confidence": 0.42371276021003723, "class_id": 0, "class": "bell", "detection_id": "2a919607-c8b8-451b-bf29-0141a2076c92", "parent_id": "image"}]}, "visualization": "<deducted_image>"}