{"predictions": {"image": {"width": 720, "height": 1280}, "predictions": [{"width": 89.18634033203125, "height": 735.0527954101562, "x": 470.9645080566406, "y": 367.5263977050781, "confidence": 0.9313081502914429, "class_id": 1, "class": "pole", "detection_id": "5e1eda31-d595-4092-8942-be930abcf782", "parent_id": "image"}, {"width": 105.92727661132812, "height": 92.2396240234375, "x": 391.9194793701172, "y": 342.9136657714844, "confidence": 0.7201811671257019, "class_id": 0, "class": "bell", "detection_id": "9806b97b-f17f-4f7c-bd94-3ac461e9fdd2", "parent_id": "image"}]}, "visualization": "<deducted_image>"}