{"predictions": {"image": {"width": 720, "height": 1280}, "predictions": [{"width": 109.51123046875, "height": 1101.3609619140625, "x": 665.244384765625, "y": 550.6804809570312, "confidence": 0.8245745301246643, "class_id": 1, "class": "pole", "detection_id": "ef8b3b3b-fa50-4c0b-8691-82ce4d5fe460", "parent_id": "image"}, {"width": 204.26162719726562, "height": 150.36282348632812, "x": 287.30296325683594, "y": 442.11851501464844, "confidence": 0.7586215734481812, "class_id": 0, "class": "bell", "detection_id": "9a2cf373-397f-4e14-8dbc-06a80e767d31", "parent_id": "image"}]}, "visualization": "<deducted_image>"}