{"predictions": {"image": {"width": 720, "height": 1280}, "predictions": [{"width": 118.30584716796875, "height": 1131.8467102050781, "x": 445.6425476074219, "y": 568.3493499755859, "confidence": 0.7391177415847778, "class_id": 1, "class": "pole", "detection_id": "0beb182f-2f3c-4f75-ac41-f6beadcfb14f", "parent_id": "image"}, {"width": 242.05337524414062, "height": 182.51840209960938, "x": 515.8445892333984, "y": 477.88746643066406, "confidence": 0.6501775979995728, "class_id": 0, "class": "bell", "detection_id": "1d76909a-6188-4425-82cb-1f6d6d3b43da", "parent_id": "image"}, {"width": 114.69830322265625, "height": 1122.9735260009766, "x": 444.0914611816406, "y": 565.4805221557617, "confidence": 0.5524561405181885, "class_id": 1, "class": "pole", "detection_id": "e0297aab-a44e-4866-a34a-10a41982c746", "parent_id": "image"}]}, "visualization": "<deducted_image>"}