{"predictions": {"image": {"width": 720, "height": 1280}, "predictions": [{"width": 124.32084274291992, "height": 805.3446884155273, "x": 100.88169288635254, "y": 402.8786811828613, "confidence": 0.9335475564002991, "class_id": 1, "class": "pole", "detection_id": "02d020d1-fb66-46f4-83c1-4a07113b6b3b", "parent_id": "image"}, {"width": 190.9810791015625, "height": 165.0560073852539, "x": 477.62237548828125, "y": 169.6098289489746, "confidence": 0.8795512318611145, "class_id": 0, "class": "bell", "detection_id": "ea15e6ee-1f9f-4038-808e-cc25cf82734e", "parent_id": "image"}, {"width": 50.588226318359375, "height": 638.2843551635742, "x": 354.74729919433594, "y": 319.6526222229004, "confidence": 0.529069185256958, "class_id": 1, "class": "pole", "detection_id": "8ddb849c-0b27-4f7b-b9c5-0e404275f61e", "parent_id": "image"}]}, "visualization": "<deducted_image>"}