{"predictions": {"image": {"width": 720, "height": 1280}, "predictions": [{"width": 57.00311726331711, "height": 1269.56005859375, "x": 29.01768270134926, "y": 634.780029296875, "confidence": 0.5857792496681213, "class_id": 1, "class": "pole", "detection_id": "afa09560-7ef1-4a93-80e6-6f81804494f2", "parent_id": "image"}, {"width": 50.4976806640625, "height": 643.3541259765625, "x": 298.6343688964844, "y": 321.67706298828125, "confidence": 0.5856081247329712, "class_id": 1, "class": "pole", "detection_id": "f82e7282-2a90-48b7-bf37-734832866d84", "parent_id": "image"}]}, "visualization": "<deducted_image>"}