{"predictions": {"image": {"width": 720, "height": 1280}, "predictions": [{"width": 119.02708435058594, "height": 951.1672286987305, "x": 283.08609771728516, "y": 477.45605850219727, "confidence": 0.9488337635993958, "class_id": 1, "class": "pole", "detection_id": "b2a17b57-ee4d-4498-b0e9-2878d02c2f26", "parent_id": "image"}, {"width": 158.86151123046875, "height": 139.32290649414062, "x": 640.5692443847656, "y": 317.4449005126953, "confidence": 0.856115996837616, "class_id": 0, "class": "bell", "detection_id": "bd841343-8dd8-42bd-8a69-88925feb7653", "parent_id": "image"}, {"width": 42.905364990234375, "height": 722.4056854248047, "x": 378.6625518798828, "y": 361.9368667602539, "confidence": 0.7564486265182495, "class_id": 1, "class": "pole", "detection_id": "7f8d4b97-fdaa-4539-baf5-b2e86538c7cd", "parent_id": "image"}]}, "visualization": "<deducted_image>"}