{"predictions": {"image": {"width": 720, "height": 1280}, "predictions": [{"width": 179.81878662109375, "height": 1280.0, "x": 609.3236999511719, "y": 640.0, "confidence": 0.7957191467285156, "class_id": 1, "class": "pole", "detection_id": "7c84123f-a70c-4a4b-8078-b98473da29c9", "parent_id": "image"}]}, "visualization": "<deducted_image>"}