{"predictions": {"image": {"width": 720, "height": 1280}, "predictions": [{"width": 145.08016967773438, "height": 1278.4212493896484, "x": 188.31748962402344, "y": 640.7893753051758, "confidence": 0.9076192378997803, "class_id": 1, "class": "pole", "detection_id": "b14a4e1e-67ea-4345-8b44-e2365dd02e07", "parent_id": "image"}, {"width": 197.00714111328125, "height": 182.26385498046875, "x": 621.4964294433594, "y": 401.0311584472656, "confidence": 0.582783043384552, "class_id": 0, "class": "bell", "detection_id": "c257edbd-50e0-468e-8354-2f045b784848", "parent_id": "image"}, {"width": 50.5875244140625, "height": 608.5346641540527, "x": 539.5099487304688, "y": 305.31128120422363, "confidence": 0.5181556940078735, "class_id": 1, "class": "pole", "detection_id": "03b30843-8d6f-4a10-9d3a-aaa99fa0e4ca", "parent_id": "image"}]}, "visualization": "<deducted_image>"}