{"predictions": {"image": {"width": 720, "height": 1280}, "predictions": [{"width": 120.83071899414062, "height": 855.427001953125, "x": 191.1791229248047, "y": 427.7135009765625, "confidence": 0.9569499492645264, "class_id": 1, "class": "pole", "detection_id": "5c372340-adcd-4142-a41d-9fdc47b64066", "parent_id": "image"}, {"width": 187.71371459960938, "height": 155.66859436035156, "x": 565.8032379150391, "y": 212.54436492919922, "confidence": 0.86741042137146, "class_id": 0, "class": "bell", "detection_id": "1b48d809-a31a-4a05-8b4b-60b4a4deece1", "parent_id": "image"}, {"width": 44.30572509765625, "height": 674.6766357421875, "x": 362.3570861816406, "y": 337.33831787109375, "confidence": 0.41864627599716187, "class_id": 1, "class": "pole", "detection_id": "70e53312-0010-4525-afeb-0ed728087325", "parent_id": "image"}]}, "visualization": "<deducted_image>"}