{"predictions": {"image": {"width": 720, "height": 1280}, "predictions": [{"width": 204.11170196533203, "height": 160.17620849609375, "x": 132.03220748901367, "y": 273.3946838378906, "confidence": 0.8544560074806213, "class_id": 0, "class": "bell", "detection_id": "41d7ce58-306b-45b8-8beb-e7a548c41b81", "parent_id": "image"}, {"width": 149.91799926757812, "height": 961.462890625, "x": 538.0121307373047, "y": 480.7314453125, "confidence": 0.7959672212600708, "class_id": 1, "class": "pole", "detection_id": "febe453f-6e74-4ed1-ae75-de98c7740f6e", "parent_id": "image"}]}, "visualization": "<deducted_image>"}