{"predictions": {"image": {"width": 720, "height": 1280}, "predictions": [{"width": 96.85195922851562, "height": 911.7025756835938, "x": 341.72999572753906, "y": 455.8512878417969, "confidence": 0.8963202834129333, "class_id": 1, "class": "pole", "detection_id": "b4672f57-ab49-4498-a0fe-49b65583b841", "parent_id": "image"}, {"width": 192.53976440429688, "height": 151.46096801757812, "x": 407.8052520751953, "y": 386.9542694091797, "confidence": 0.8049354553222656, "class_id": 0, "class": "bell", "detection_id": "40da290e-247d-4b78-8e9b-1e9723c4d1ba", "parent_id": "image"}]}, "visualization": "<deducted_image>"}