{"predictions": {"image": {"width": 720, "height": 1280}, "predictions": [{"width": 193.3590087890625, "height": 1044.6819152832031, "x": 357.5191955566406, "y": 523.6042327880859, "confidence": 0.7888638973236084, "class_id": 1, "class": "pole", "detection_id": "be76fa1c-731a-4f28-a213-082d23d1ba1e", "parent_id": "image"}]}, "visualization": "<deducted_image>"}