{"predictions": {"image": {"width": 720, "height": 1280}, "predictions": [{"width": 90.20889282226562, "height": 807.4066162109375, "x": 495.54624938964844, "y": 403.70330810546875, "confidence": 0.9305604696273804, "class_id": 1, "class": "pole", "detection_id": "55be74cf-0b1d-42cb-b6c0-7426f265f21e", "parent_id": "image"}, {"width": 129.1708984375, "height": 96.65179443359375, "x": 369.9496765136719, "y": 369.5558166503906, "confidence": 0.6252225041389465, "class_id": 0, "class": "bell", "detection_id": "d3f895a2-3c3d-410f-a0c1-8c175fbfa905", "parent_id": "image"}]}, "visualization": "<deducted_image>"}