{"predictions": {"image": {"width": 720, "height": 1280}, "predictions": [{"width": 71.48408508300781, "height": 587.2496910095215, "x": 235.37483978271484, "y": 293.83291816711426, "confidence": 0.5632644295692444, "class_id": 1, "class": "pole", "detection_id": "29dde0a8-6609-4e60-9dde-cb181bb49a85", "parent_id": "image"}, {"width": 258.84891510009766, "height": 196.4859619140625, "x": 216.6067008972168, "y": 630.57177734375, "confidence": 0.5294367074966431, "class_id": 0, "class": "bell", "detection_id": "510014e7-9f56-4c7a-8997-e8a998f2db4e", "parent_id": "image"}]}, "visualization": "<deducted_image>"}