{"predictions": {"image": {"width": 720, "height": 1280}, "predictions": [{"width": 149.12615966796875, "height": 1251.71533203125, "x": 459.1416931152344, "y": 625.857666015625, "confidence": 0.5572373867034912, "class_id": 1, "class": "pole", "detection_id": "fc7e7d01-75ac-4c76-be60-2a360566b890", "parent_id": "image"}, {"width": 144.32516479492188, "height": 741.7750244140625, "x": 465.60255432128906, "y": 860.1792602539062, "confidence": 0.4790383577346802, "class_id": 1, "class": "pole", "detection_id": "7cfd89ca-6abe-4169-90eb-feba57d82fae", "parent_id": "image"}]}, "visualization": "<deducted_image>"}