{"predictions": {"image": {"width": 720, "height": 1280}, "predictions": [{"width": 120.2579345703125, "height": 840.7686767578125, "x": 268.31671142578125, "y": 453.87982177734375, "confidence": 0.8576505780220032, "class_id": 1, "class": "pole", "detection_id": "ccb940f8-b19a-44ee-bde5-80a08784ef0f", "parent_id": "image"}, {"width": 133.48577880859375, "height": 114.78472900390625, "x": 366.6308898925781, "y": 486.5302429199219, "confidence": 0.7134901285171509, "class_id": 0, "class": "bell", "detection_id": "37180ea0-383f-411c-b30e-d66100a88763", "parent_id": "image"}, {"width": 195.49334716796875, "height": 850.9131622314453, "x": 309.70208740234375, "y": 432.91927337646484, "confidence": 0.5392614006996155, "class_id": 1, "class": "pole", "detection_id": "97955221-0473-42e6-a711-2d8e53cdd19f", "parent_id": "image"}]}, "visualization": "<deducted_image>"}