{"predictions": {"image": {"width": 720, "height": 1280}, "predictions": [{"width": 131.17345428466797, "height": 1227.3543243408203, "x": 192.74145889282227, "y": 615.0485458374023, "confidence": 0.9416928291320801, "class_id": 1, "class": "pole", "detection_id": "5f00076c-0a7a-4b0e-a419-330067dde534", "parent_id": "image"}, {"width": 44.188140869140625, "height": 806.0168075561523, "x": 338.35340881347656, "y": 406.0605049133301, "confidence": 0.835756778717041, "class_id": 1, "class": "pole", "detection_id": "1caaeffa-8b24-46d9-a5cb-8a771042b76b", "parent_id": "image"}]}, "visualization": "<deducted_image>"}