{"predictions": {"image": {"width": 720, "height": 1280}, "predictions": [{"width": 119.6045036315918, "height": 954.8965454101562, "x": 82.92177772521973, "y": 477.4482727050781, "confidence": 0.8915467262268066, "class_id": 1, "class": "pole", "detection_id": "644e1b13-3fd4-47fd-bc41-0eef9fda05b8", "parent_id": "image"}, {"width": 169.8768310546875, "height": 146.01055908203125, "x": 348.4877624511719, "y": 514.3689270019531, "confidence": 0.6722927689552307, "class_id": 0, "class": "bell", "detection_id": "c719b6ff-8194-43ef-be0e-bd7ec5e40f23", "parent_id": "image"}]}, "visualization": "<deducted_image>"}