{"predictions": {"image": {"width": 720, "height": 1280}, "predictions": [{"width": 109.817626953125, "height": 87.114013671875, "x": 452.47174072265625, "y": 543.6201171875, "confidence": 0.6943244934082031, "class_id": 0, "class": "bell", "detection_id": "f93a693e-3991-4836-9e74-a268b1fd03a2", "parent_id": "image"}, {"width": 69.2618408203125, "height": 524.9560546875, "x": 448.5685119628906, "y": 376.05413818359375, "confidence": 0.4850291609764099, "class_id": 1, "class": "pole", "detection_id": "210279eb-0dd1-4fc5-ba70-a673442d7693", "parent_id": "image"}]}, "visualization": "<deducted_image>"}