{"predictions": {"image": {"width": 720, "height": 1280}, "predictions": [{"width": 116.4403076171875, "height": 97.69895935058594, "x": 471.3409423828125, "y": 205.35790252685547, "confidence": 0.9452802538871765, "class_id": 0, "class": "bell", "detection_id": "daba1ef4-d220-422c-bda1-ae86fef00d22", "parent_id": "image"}, {"width": 71.61447143554688, "height": 603.5121116638184, "x": 335.3600616455078, "y": 303.2747058868408, "confidence": 0.9436677694320679, "class_id": 1, "class": "pole", "detection_id": "c60c3be9-a622-41f5-888f-48cb78ba8e86", "parent_id": "image"}]}, "visualization": "<deducted_image>"}