{"predictions": {"image": {"width": 720, "height": 1280}, "predictions": [{"width": 84.70436096191406, "height": 821.9380493164062, "x": 219.79256439208984, "y": 411.8744812011719, "confidence": 0.9459165334701538, "class_id": 1, "class": "pole", "detection_id": "db5763d3-a0a2-4899-96a5-95de4ad07984", "parent_id": "image"}, {"width": 69.30194091796875, "height": 695.9502563476562, "x": 685.0350036621094, "y": 347.9751281738281, "confidence": 0.6848407983779907, "class_id": 1, "class": "pole", "detection_id": "44feeb98-0026-4ea0-8c4a-c49dfddc56ba", "parent_id": "image"}, {"width": 116.20529174804688, "height": 109.37115478515625, "x": 428.22694396972656, "y": 393.8163757324219, "confidence": 0.47769394516944885, "class_id": 0, "class": "bell", "detection_id": "92636f23-e898-40c2-a1bf-92ac3a7d9889", "parent_id": "image"}]}, "visualization": "<deducted_image>"}