{"predictions": {"image": {"width": 720, "height": 1280}, "predictions": [{"width": 135.65032958984375, "height": 957.7967529296875, "x": 546.5123596191406, "y": 478.89837646484375, "confidence": 0.9239108562469482, "class_id": 1, "class": "pole", "detection_id": "c476b028-c119-4c14-990d-971c61a7920c", "parent_id": "image"}, {"width": 211.74090957641602, "height": 165.6087188720703, "x": 163.39697074890137, "y": 253.91283416748047, "confidence": 0.8954528570175171, "class_id": 0, "class": "bell", "detection_id": "e94766aa-a8e8-4820-8b37-033a008409a3", "parent_id": "image"}]}, "visualization": "<deducted_image>"}