{"predictions": {"image": {"width": 720, "height": 1280}, "predictions": [{"width": 125.45870971679688, "height": 97.86026000976562, "x": 460.0139923095703, "y": 213.01893615722656, "confidence": 0.9535711407661438, "class_id": 0, "class": "bell", "detection_id": "5549ceb0-061f-4566-97fa-93eaa9a1d337", "parent_id": "image"}, {"width": 73.48330688476562, "height": 651.5320129394531, "x": 317.7322235107422, "y": 326.86875915527344, "confidence": 0.9517506957054138, "class_id": 1, "class": "pole", "detection_id": "b9f3aadd-320f-4ccc-9c12-11265b46e510", "parent_id": "image"}]}, "visualization": "<deducted_image>"}