{"predictions": {"image": {"width": 720, "height": 1280}, "predictions": [{"width": 95.08563232421875, "height": 788.3772277832031, "x": 388.7304382324219, "y": 395.1616668701172, "confidence": 0.9522945284843445, "class_id": 1, "class": "pole", "detection_id": "6b46c00c-187c-4cc1-9f5e-0a4f6775e2b5", "parent_id": "image"}, {"width": 149.09982299804688, "height": 112.70486450195312, "x": 578.3620147705078, "y": 311.70738220214844, "confidence": 0.9145386815071106, "class_id": 0, "class": "bell", "detection_id": "f85d1a3b-06cf-4dc6-b4b4-1648b7ce9660", "parent_id": "image"}]}, "visualization": "<deducted_image>"}