{"predictions": {"image": {"width": 720, "height": 1280}, "predictions": [{"width": 178.99508666992188, "height": 138.48077392578125, "x": 496.06031799316406, "y": 477.2835998535156, "confidence": 0.9416748285293579, "class_id": 0, "class": "bell", "detection_id": "0a8b0284-c63b-40e2-9bbe-fd1c867f0319", "parent_id": "image"}, {"width": 114.50550079345703, "height": 1094.6094970703125, "x": 154.36474227905273, "y": 547.3047485351562, "confidence": 0.9354804754257202, "class_id": 1, "class": "pole", "detection_id": "d83dd703-59ec-464a-8b87-5292ba65d50d", "parent_id": "image"}]}, "visualization": "<deducted_image>"}