{"predictions": {"image": {"width": 720, "height": 1280}, "predictions": [{"width": 146.4329833984375, "height": 1280.0, "x": 644.921142578125, "y": 640.0, "confidence": 0.6520088315010071, "class_id": 1, "class": "pole", "detection_id": "09786f6b-62f3-444a-8d51-03f94ca2e8f1", "parent_id": "image"}, {"width": 288.3114318847656, "height": 243.08816528320312, "x": 252.04063415527344, "y": 625.9131317138672, "confidence": 0.5906256437301636, "class_id": 0, "class": "bell", "detection_id": "36c8b545-17f7-45d0-9100-1dfca450da5a", "parent_id": "image"}, {"width": 147.19061279296875, "height": 1255.8548431396484, "x": 646.4046936035156, "y": 628.9318313598633, "confidence": 0.48229923844337463, "class_id": 1, "class": "pole", "detection_id": "fee1b56c-4423-454f-bbab-ec0f6ca56a6e", "parent_id": "image"}]}, "visualization": "<deducted_image>"}