{"predictions": {"image": {"width": 720, "height": 1280}, "predictions": [{"width": 96.3270263671875, "height": 853.745849609375, "x": 472.23443603515625, "y": 426.8729248046875, "confidence": 0.9467587471008301, "class_id": 1, "class": "pole", "detection_id": "7bbed312-f606-4a02-99c0-3cff4e208166", "parent_id": "image"}, {"width": 169.08157348632812, "height": 131.6895751953125, "x": 376.98057556152344, "y": 339.89776611328125, "confidence": 0.9141918420791626, "class_id": 0, "class": "bell", "detection_id": "187eff95-022b-42b5-8f38-40d37b514118", "parent_id": "image"}]}, "visualization": "<deducted_image>"}