{"predictions": {"image": {"width": 720, "height": 1280}, "predictions": [{"width": 88.69418334960938, "height": 828.6792602539062, "x": 431.28904724121094, "y": 414.3396301269531, "confidence": 0.9143493175506592, "class_id": 1, "class": "pole", "detection_id": "11cad914-8ec4-453e-822d-76e6d23ccbd7", "parent_id": "image"}, {"width": 163.68505859375, "height": 128.14031982421875, "x": 369.9781188964844, "y": 333.5366516113281, "confidence": 0.9044216275215149, "class_id": 0, "class": "bell", "detection_id": "5d2e097f-b694-4801-8e56-4f3da5f8e1a5", "parent_id": "image"}]}, "visualization": "<deducted_image>"}