{"predictions": {"image": {"width": 720, "height": 1280}, "predictions": [{"width": 244.929931640625, "height": 1155.36865234375, "x": 334.0968322753906, "y": 577.684326171875, "confidence": 0.904093325138092, "class_id": 1, "class": "pole", "detection_id": "f0a60333-7502-476b-bddd-c7acfdc81501", "parent_id": "image"}, {"width": 247.0399932861328, "height": 1132.1518325805664, "x": 335.9695358276367, "y": 566.2397575378418, "confidence": 0.46525755524635315, "class_id": 1, "class": "pole", "detection_id": "7c3adaa9-36e4-494f-9dca-d44ed7f128bb", "parent_id": "image"}]}, "visualization": "<deducted_image>"}