{"predictions": {"image": {"width": 720, "height": 1280}, "predictions": [{"width": 89.41744995117188, "height": 673.3513259887695, "x": 354.87376403808594, "y": 337.55712509155273, "confidence": 0.9460830688476562, "class_id": 1, "class": "pole", "detection_id": "3bc3684a-c053-436d-be2c-e458dfee821e", "parent_id": "image"}, {"width": 164.683349609375, "height": 137.53829956054688, "x": 544.141845703125, "y": 131.635498046875, "confidence": 0.8876476883888245, "class_id": 0, "class": "bell", "detection_id": "e18ef7db-3545-4dcf-9a31-d61c6608da06", "parent_id": "image"}]}, "visualization": "<deducted_image>"}