{"predictions": {"image": {"width": 720, "height": 1280}, "predictions": [{"width": 94.51205444335938, "height": 778.164306640625, "x": 446.21495056152344, "y": 389.0821533203125, "confidence": 0.9628214836120605, "class_id": 1, "class": "pole", "detection_id": "08ff47f0-8192-45b5-8486-c01573fbee71", "parent_id": "image"}, {"width": 169.321533203125, "height": 126.130859375, "x": 614.9653930664062, "y": 258.420166015625, "confidence": 0.9514195322990417, "class_id": 0, "class": "bell", "detection_id": "f6961591-5958-4b6f-b0c6-962f16b35d5f", "parent_id": "image"}]}, "visualization": "<deducted_image>"}