{"predictions": {"image": {"width": 720, "height": 1280}, "predictions": [{"width": 96.114013671875, "height": 802.4779510498047, "x": 212.37893676757812, "y": 446.49539947509766, "confidence": 0.7475188970565796, "class_id": 1, "class": "pole", "detection_id": "3a8996d0-a80a-4bbf-a118-b8866e389eca", "parent_id": "image"}, {"width": 199.10159301757812, "height": 797.5598526000977, "x": 271.62461853027344, "y": 401.8847465515137, "confidence": 0.6916860938072205, "class_id": 1, "class": "pole", "detection_id": "d18a8711-9b47-4201-9bfb-3af9baf72d9c", "parent_id": "image"}, {"width": 129.7928466796875, "height": 94.93154907226562, "x": 336.50146484375, "y": 448.4516143798828, "confidence": 0.48366424441337585, "class_id": 0, "class": "bell", "detection_id": "51f4230a-076d-4ac9-94c2-10d93877d6f2", "parent_id": "image"}]}, "visualization": "<deducted_image>"}