{"predictions": {"image": {"width": 720, "height": 1280}, "predictions": [{"width": 68.35784912109375, "height": 708.2055358886719, "x": 283.3728942871094, "y": 399.13526916503906, "confidence": 0.9179611206054688, "class_id": 1, "class": "pole", "detection_id": "dd111325-a75a-467f-8d96-228d6dbb3818", "parent_id": "image"}, {"width": 112.916259765625, "height": 87.70431518554688, "x": 406.7884521484375, "y": 385.31239318847656, "confidence": 0.8634766340255737, "class_id": 0, "class": "bell", "detection_id": "84aee707-ca6c-4a57-a37c-8376986f0067", "parent_id": "image"}]}, "visualization": "<deducted_image>"}