{"predictions": {"image": {"width": 720, "height": 1280}, "predictions": [{"width": 127.62896728515625, "height": 941.5595092773438, "x": 598.3827819824219, "y": 470.7797546386719, "confidence": 0.8956639766693115, "class_id": 1, "class": "pole", "detection_id": "453ba7e1-20e7-4005-a739-03e3b6a1bd4a", "parent_id": "image"}, {"width": 181.17787170410156, "height": 168.78607177734375, "x": 313.53609466552734, "y": 317.0079650878906, "confidence": 0.8740813732147217, "class_id": 0, "class": "bell", "detection_id": "628048aa-646e-4c15-aa95-6d0f70149820", "parent_id": "image"}]}, "visualization": "<deducted_image>"}