{"predictions": {"image": {"width": 720, "height": 1280}, "predictions": [{"width": 157.6341552734375, "height": 639.772575378418, "x": 143.8041534423828, "y": 326.2393226623535, "confidence": 0.4854786694049835, "class_id": 1, "class": "pole", "detection_id": "fa6a9fd0-cd3a-427b-b189-18acf6d0402c", "parent_id": "image"}, {"width": 145.77169799804688, "height": 435.8677978515625, "x": 243.53590393066406, "y": 747.9705200195312, "confidence": 0.46365994215011597, "class_id": 1, "class": "pole", "detection_id": "930f5984-632a-4ed0-b829-b47f98676098", "parent_id": "image"}]}, "visualization": "<deducted_image>"}