{"predictions": {"image": {"width": 720, "height": 1280}, "predictions": [{"width": 169.91608333587646, "height": 949.5226974487305, "x": 92.92348909378052, "y": 474.87170791625977, "confidence": 0.9150086641311646, "class_id": 1, "class": "pole", "detection_id": "1d4598eb-14b0-4ddf-87a2-a8ee67cce813", "parent_id": "image"}, {"width": 161.5487060546875, "height": 134.437744140625, "x": 273.8822937011719, "y": 469.6141357421875, "confidence": 0.6846771240234375, "class_id": 0, "class": "bell", "detection_id": "4f913e8f-7a17-4d0f-800b-e995a8ba30b3", "parent_id": "image"}]}, "visualization": "<deducted_image>"}