{"predictions": {"image": {"width": 720, "height": 1280}, "predictions": [{"width": 99.18313598632812, "height": 680.6249389648438, "x": 388.18177795410156, "y": 340.3124694824219, "confidence": 0.9426754713058472, "class_id": 1, "class": "pole", "detection_id": "38591cae-9dbd-43c2-b03d-6d9ace5579ba", "parent_id": "image"}, {"width": 188.65576171875, "height": 141.77041625976562, "x": 610.6862182617188, "y": 70.88520812988281, "confidence": 0.928024172782898, "class_id": 0, "class": "bell", "detection_id": "4ec2db64-9421-4489-9dc3-276fd928b7cf", "parent_id": "image"}]}, "visualization": "<deducted_image>"}