{"predictions": {"image": {"width": 720, "height": 1280}, "predictions": [{"width": 96.36117553710938, "height": 918.1878051757812, "x": 143.36883544921875, "y": 459.0939025878906, "confidence": 0.9151889085769653, "class_id": 1, "class": "pole", "detection_id": "34c100a7-61a9-4666-bccb-360a62fb1b57", "parent_id": "image"}, {"width": 146.5662841796875, "height": 105.31927490234375, "x": 415.159912109375, "y": 414.5810241699219, "confidence": 0.7494948506355286, "class_id": 0, "class": "bell", "detection_id": "42f89d98-0f8b-487e-a43a-4449268b0fbe", "parent_id": "image"}, {"width": 39.299102783203125, "height": 432.15515899658203, "x": 446.1877899169922, "y": 217.94948959350586, "confidence": 0.4302075505256653, "class_id": 1, "class": "pole", "detection_id": "1828c085-909e-4682-a227-ceae960d995d", "parent_id": "image"}]}, "visualization": "<deducted_image>"}