{"predictions": {"image": {"width": 720, "height": 1280}, "predictions": [{"width": 138.7661895751953, "height": 1166.5505065917969, "x": 309.41503143310547, "y": 585.7650299072266, "confidence": 0.9230576753616333, "class_id": 1, "class": "pole", "detection_id": "68ea8251-f45d-4e33-bb50-ef26fa537f6f", "parent_id": "image"}, {"width": 42.685760498046875, "height": 768.2859420776367, "x": 455.8566131591797, "y": 386.71579360961914, "confidence": 0.7532963752746582, "class_id": 1, "class": "pole", "detection_id": "c85505b0-fab8-45e2-b8da-314053f1e8e9", "parent_id": "image"}, {"width": 141.0599822998047, "height": 1167.90673828125, "x": 309.4516067504883, "y": 583.953369140625, "confidence": 0.5233746767044067, "class_id": 1, "class": "pole", "detection_id": "fded88bd-6d59-4639-b12e-410437557fc4", "parent_id": "image"}, {"width": 211.07168579101562, "height": 1280.0, "x": 284.2495880126953, "y": 640.0, "confidence": 0.45886048674583435, "class_id": 1, "class": "pole", "detection_id": "376836cb-e709-46c2-be9f-cc73084f30ac", "parent_id": "image"}]}, "visualization": "<deducted_image>"}