{"predictions": {"image": {"width": 720, "height": 1280}, "predictions": [{"width": 69.84352111816406, "height": 607.4579086303711, "x": 196.02263641357422, "y": 305.2481575012207, "confidence": 0.6723946928977966, "class_id": 1, "class": "pole", "detection_id": "c7a9be03-6081-4045-afbc-10322daae314", "parent_id": "image"}, {"width": 317.81258392333984, "height": 241.3055419921875, "x": 211.2286262512207, "y": 707.511962890625, "confidence": 0.5030043721199036, "class_id": 0, "class": "bell", "detection_id": "f07e3592-bc84-4e53-91ee-55046c98e163", "parent_id": "image"}]}, "visualization": "<deducted_image>"}