{"predictions": {"image": {"width": 720, "height": 1280}, "predictions": [{"width": 104.80072784423828, "height": 945.9268798828125, "x": 102.78144454956055, "y": 472.96343994140625, "confidence": 0.9202612042427063, "class_id": 1, "class": "pole", "detection_id": "992792a9-ec8e-496e-b7ad-83c4df801914", "parent_id": "image"}, {"width": 149.97500610351562, "height": 130.4317626953125, "x": 374.38124084472656, "y": 514.6581420898438, "confidence": 0.9082172513008118, "class_id": 0, "class": "bell", "detection_id": "2729ee1c-e6d6-4b81-ba5b-f5bb14518a62", "parent_id": "image"}]}, "visualization": "<deducted_image>"}