{"predictions": {"image": {"width": 720, "height": 1280}, "predictions": [{"width": 121.7696533203125, "height": 984.966552734375, "x": 468.53759765625, "y": 492.4832763671875, "confidence": 0.9124047160148621, "class_id": 1, "class": "pole", "detection_id": "4161e3ab-5054-4d06-b48d-1a713c22a162", "parent_id": "image"}, {"width": 218.46054077148438, "height": 170.25946044921875, "x": 572.8996734619141, "y": 465.8854675292969, "confidence": 0.7193159461021423, "class_id": 0, "class": "bell", "detection_id": "86882f05-9b2b-40b9-853b-528f70417578", "parent_id": "image"}]}, "visualization": "<deducted_image>"}