{"predictions": {"image": {"width": 720, "height": 1280}, "predictions": [{"width": 84.95416259765625, "height": 447.31378173828125, "x": 469.7316589355469, "y": 630.2135925292969, "confidence": 0.7587653994560242, "class_id": 1, "class": "pole", "detection_id": "55fda944-cdf8-42e3-9bd1-233b31e8b297", "parent_id": "image"}, {"width": 155.4078369140625, "height": 120.48141479492188, "x": 481.192626953125, "y": 356.35792541503906, "confidence": 0.5923038125038147, "class_id": 0, "class": "bell", "detection_id": "95acdf68-53cc-45ca-9ec2-5c74f484e57f", "parent_id": "image"}, {"width": 97.39105224609375, "height": 856.7904052734375, "x": 477.7931823730469, "y": 428.39520263671875, "confidence": 0.5148088335990906, "class_id": 1, "class": "pole", "detection_id": "36f3f7b1-9c79-45e5-a2e5-95e18cfb3508", "parent_id": "image"}]}, "visualization": "<deducted_image>"}