{"predictions": {"image": {"width": 720, "height": 1280}, "predictions": [{"width": 117.4833984375, "height": 553.8146743774414, "x": 296.68585205078125, "y": 341.82734298706055, "confidence": 0.48119133710861206, "class_id": 1, "class": "pole", "detection_id": "7cd96118-1a98-4399-8c8d-31194e639c57", "parent_id": "image"}, {"width": 116.97145080566406, "height": 555.26904296875, "x": 296.5009994506836, "y": 342.9168701171875, "confidence": 0.42481204867362976, "class_id": 1, "class": "pole", "detection_id": "b67a1227-e6fe-4b83-84d9-811bd8dbe9c2", "parent_id": "image"}, {"width": 119.18902587890625, "height": 380.95135498046875, "x": 366.3013916015625, "y": 718.3844909667969, "confidence": 0.41601911187171936, "class_id": 1, "class": "pole", "detection_id": "9394013d-bc13-40d9-9e1f-b2c881beab75", "parent_id": "image"}]}, "visualization": "<deducted_image>"}