{"predictions": {"image": {"width": 720, "height": 1280}, "predictions": [{"width": 139.54397583007812, "height": 906.3823852539062, "x": 455.47227478027344, "y": 453.1911926269531, "confidence": 0.9194455146789551, "class_id": 1, "class": "pole", "detection_id": "250c5ba5-0f6a-4dbd-b61a-94f3b9dd5c73", "parent_id": "image"}, {"width": 39.77232360839844, "height": 715.9481353759766, "x": 119.26993560791016, "y": 358.2489547729492, "confidence": 0.6728003621101379, "class_id": 1, "class": "pole", "detection_id": "e0404e08-f9b4-45a8-b023-eaba0a010c8b", "parent_id": "image"}]}, "visualization": "<deducted_image>"}