{"predictions": {"image": {"width": 720, "height": 1280}, "predictions": [{"width": 160.54953002929688, "height": 1117.2166748046875, "x": 580.8542022705078, "y": 558.6083374023438, "confidence": 0.8094413876533508, "class_id": 1, "class": "pole", "detection_id": "681ce0ad-88a7-459a-a1d0-2a6b2ddcaaaa", "parent_id": "image"}, {"width": 221.4501953125, "height": 181.58990478515625, "x": 433.7943115234375, "y": 615.7218322753906, "confidence": 0.5045034885406494, "class_id": 0, "class": "bell", "detection_id": "cc904603-c67b-452b-a613-244f1f9220c6", "parent_id": "image"}]}, "visualization": "<deducted_image>"}