{"predictions": {"image": {"width": 720, "height": 1280}, "predictions": [{"width": 108.1600341796875, "height": 630.8331298828125, "x": 569.8036499023438, "y": 315.41656494140625, "confidence": 0.6258325576782227, "class_id": 1, "class": "pole", "detection_id": "902ad208-e444-4e9c-af16-a09d1dfb093f", "parent_id": "image"}, {"width": 106.52545166015625, "height": 645.7118377685547, "x": 569.7998962402344, "y": 324.8588638305664, "confidence": 0.49064913392066956, "class_id": 1, "class": "pole", "detection_id": "3b74e0c9-cdb8-4f9b-8cee-3524543cb248", "parent_id": "image"}, {"width": 116.06927490234375, "height": 1026.7529296875, "x": 573.9659118652344, "y": 513.37646484375, "confidence": 0.405217707157135, "class_id": 1, "class": "pole", "detection_id": "6d4b542c-85ae-4489-a85c-c76d67672033", "parent_id": "image"}]}, "visualization": "<deducted_image>"}