{"predictions": {"image": {"width": 720, "height": 1280}, "predictions": [{"width": 208.00979614257812, "height": 181.3865203857422, "x": 384.91786193847656, "y": 220.49124908447266, "confidence": 0.8596271276473999, "class_id": 0, "class": "bell", "detection_id": "cd32c0f0-8ad9-4749-9e91-8f80f8df40d7", "parent_id": "image"}, {"width": 56.82703399658203, "height": 885.2349243164062, "x": 28.413516998291016, "y": 442.6174621582031, "confidence": 0.646470308303833, "class_id": 1, "class": "pole", "detection_id": "7c2a7d0c-cd7b-4eec-907e-ac62aa3e7121", "parent_id": "image"}]}, "visualization": "<deducted_image>"}