{"predictions": {"image": {"width": 720, "height": 1280}, "predictions": [{"width": 171.12405395507812, "height": 848.2157516479492, "x": 410.20408630371094, "y": 427.9502296447754, "confidence": 0.8646947741508484, "class_id": 1, "class": "pole", "detection_id": "8397871b-45b5-4e69-aa51-3e85c05b26e7", "parent_id": "image"}, {"width": 129.61309814453125, "height": 179.64301300048828, "x": 64.80654907226562, "y": 128.83117294311523, "confidence": 0.7464372515678406, "class_id": 0, "class": "bell", "detection_id": "3b2c99e3-7790-4cf3-aa44-7f95433b1535", "parent_id": "image"}]}, "visualization": "<deducted_image>"}