{"predictions": {"image": {"width": 720, "height": 1280}, "predictions": [{"width": 67.40731811523438, "height": 665.097541809082, "x": 295.90623474121094, "y": 335.32201766967773, "confidence": 0.957983136177063, "class_id": 1, "class": "pole", "detection_id": "83836154-a352-4776-beb0-761add3dd5dd", "parent_id": "image"}, {"width": 111.597412109375, "height": 84.69732666015625, "x": 418.3160400390625, "y": 284.9885559082031, "confidence": 0.9405542612075806, "class_id": 0, "class": "bell", "detection_id": "1c0c946a-150d-40d1-aeff-e4a15ca4e359", "parent_id": "image"}]}, "visualization": "<deducted_image>"}