{"predictions": {"image": {"width": 720, "height": 1280}, "predictions": [{"width": 118.19554138183594, "height": 756.271598815918, "x": 261.0951919555664, "y": 381.4846839904785, "confidence": 0.9417360424995422, "class_id": 1, "class": "pole", "detection_id": "80ddf2e4-8b85-4ad7-ad3d-7d451261f6d7", "parent_id": "image"}, {"width": 154.69631958007812, "height": 134.7086181640625, "x": 555.2578582763672, "y": 237.3236083984375, "confidence": 0.9311935901641846, "class_id": 0, "class": "bell", "detection_id": "50b9d7fc-a2dd-415c-aee4-dfbd73e81ebf", "parent_id": "image"}]}, "visualization": "<deducted_image>"}