{"predictions": {"image": {"width": 720, "height": 1280}, "predictions": [{"width": 97.83453369140625, "height": 815.496337890625, "x": 307.9390869140625, "y": 407.7481689453125, "confidence": 0.9574827551841736, "class_id": 1, "class": "pole", "detection_id": "e0397d30-3709-4578-a47a-fa576b5fce83", "parent_id": "image"}, {"width": 158.861328125, "height": 142.27772521972656, "x": 624.785400390625, "y": 249.20397186279297, "confidence": 0.947607159614563, "class_id": 0, "class": "bell", "detection_id": "d09b1294-ee3a-4fca-8144-f677d74222c4", "parent_id": "image"}]}, "visualization": "<deducted_image>"}