{"predictions": {"image": {"width": 720, "height": 1280}, "predictions": [{"width": 91.14874267578125, "height": 808.9486999511719, "x": 442.14752197265625, "y": 407.16493225097656, "confidence": 0.7853408455848694, "class_id": 1, "class": "pole", "detection_id": "5a98f6f2-4517-4797-9d86-483f46ce8f39", "parent_id": "image"}, {"width": 157.36175537109375, "height": 121.98150634765625, "x": 406.6352844238281, "y": 350.6901550292969, "confidence": 0.6572256088256836, "class_id": 0, "class": "bell", "detection_id": "ea37f021-13a1-4ae9-8bd1-63f6f394a69e", "parent_id": "image"}, {"width": 89.25680541992188, "height": 439.284423828125, "x": 433.98854064941406, "y": 627.9365844726562, "confidence": 0.4876936674118042, "class_id": 1, "class": "pole", "detection_id": "9a6588a5-4d82-4b84-80ad-eb115db4b97d", "parent_id": "image"}]}, "visualization": "<deducted_image>"}