{"predictions": {"image": {"width": 720, "height": 1280}, "predictions": [{"width": 134.63134765625, "height": 764.7675170898438, "x": 494.89111328125, "y": 382.3837585449219, "confidence": 0.93880295753479, "class_id": 1, "class": "pole", "detection_id": "79d6c37b-c50f-4944-a417-4a44aeb1942c", "parent_id": "image"}, {"width": 179.5287322998047, "height": 171.56428337097168, "x": 89.76436614990234, "y": 86.91362857818604, "confidence": 0.9257542490959167, "class_id": 0, "class": "bell", "detection_id": "bb737671-1b54-4386-9b3a-bd935fa10894", "parent_id": "image"}]}, "visualization": "<deducted_image>"}