{"predictions": {"image": {"width": 720, "height": 1280}, "predictions": [{"width": 144.52902221679688, "height": 746.3242340087891, "x": 379.41661071777344, "y": 373.7357711791992, "confidence": 0.9264099597930908, "class_id": 1, "class": "pole", "detection_id": "7b2d595d-3344-4257-ae9a-7ef569917336", "parent_id": "image"}, {"width": 146.46029663085938, "height": 791.6323852539062, "x": 379.45018005371094, "y": 395.8161926269531, "confidence": 0.7085686326026917, "class_id": 1, "class": "pole", "detection_id": "7db30504-69b5-4fa6-8dab-7f612d364aec", "parent_id": "image"}]}, "visualization": "<deducted_image>"}