{"predictions": {"image": {"width": 720, "height": 1280}, "predictions": [{"width": 66.93228149414062, "height": 593.7697830200195, "x": 297.1227569580078, "y": 299.83849716186523, "confidence": 0.9557721018791199, "class_id": 1, "class": "pole", "detection_id": "04358fc2-2369-408a-8648-3f967113fa1a", "parent_id": "image"}, {"width": 113.0845947265625, "height": 93.02032470703125, "x": 426.01507568359375, "y": 205.74461364746094, "confidence": 0.9541618227958679, "class_id": 0, "class": "bell", "detection_id": "96ea2f43-3984-406c-b1fd-694e76e3279a", "parent_id": "image"}]}, "visualization": "<deducted_image>"}