{"predictions": {"image": {"width": 720, "height": 1280}, "predictions": [{"width": 95.33343505859375, "height": 655.6610717773438, "x": 454.2989196777344, "y": 330.4556579589844, "confidence": 0.9401167035102844, "class_id": 1, "class": "pole", "detection_id": "92b4d76d-19a0-4b25-815f-840724714d3c", "parent_id": "image"}, {"width": 140.9268798828125, "height": 116.48678588867188, "x": 649.5365600585938, "y": 188.1631317138672, "confidence": 0.9381898641586304, "class_id": 0, "class": "bell", "detection_id": "dc823fbe-4c05-4f61-8e4a-681a6ce039e9", "parent_id": "image"}]}, "visualization": "<deducted_image>"}