{"predictions": {"image": {"width": 720, "height": 1280}, "predictions": [{"width": 99.0455322265625, "height": 696.7849731445312, "x": 405.91546630859375, "y": 348.3924865722656, "confidence": 0.8420390486717224, "class_id": 1, "class": "pole", "detection_id": "63475236-12b5-43df-ae45-16ea769e83fb", "parent_id": "image"}, {"width": 114.19610595703125, "height": 82.95166015625, "x": 360.495361328125, "y": 356.65399169921875, "confidence": 0.6442936658859253, "class_id": 0, "class": "bell", "detection_id": "54686da5-746a-46d5-9211-ec148c8908ad", "parent_id": "image"}]}, "visualization": "<deducted_image>"}