{"predictions": {"image": {"width": 720, "height": 1280}, "predictions": [{"width": 216.83541870117188, "height": 173.263671875, "x": 393.62940979003906, "y": 439.60235595703125, "confidence": 0.9176778793334961, "class_id": 0, "class": "bell", "detection_id": "cee2efa4-d023-4dba-ae94-8e651b6d6970", "parent_id": "image"}, {"width": 68.40972900390625, "height": 1136.473876953125, "x": 685.7951354980469, "y": 568.2369384765625, "confidence": 0.8312221765518188, "class_id": 1, "class": "pole", "detection_id": "d8ff7b74-8e17-41f7-8278-f3751d9d6080", "parent_id": "image"}]}, "visualization": "<deducted_image>"}