{"predictions": {"image": {"width": 720, "height": 1280}, "predictions": [{"width": 106.22482299804688, "height": 894.6029663085938, "x": 195.43695068359375, "y": 504.0843200683594, "confidence": 0.8894928693771362, "class_id": 1, "class": "pole", "detection_id": "a7ab90ba-c68b-4666-b36d-361f71b7e8d2", "parent_id": "image"}, {"width": 119.31948852539062, "height": 100.76992797851562, "x": 457.7534637451172, "y": 524.5181121826172, "confidence": 0.5421938300132751, "class_id": 0, "class": "bell", "detection_id": "027a51d2-6408-4391-b0e6-67167ceda81e", "parent_id": "image"}]}, "visualization": "<deducted_image>"}