{"predictions": {"image": {"width": 720, "height": 1280}, "predictions": [{"width": 133.17962646484375, "height": 104.3375244140625, "x": 456.0486755371094, "y": 595.258544921875, "confidence": 0.9549933671951294, "class_id": 0, "class": "bell", "detection_id": "2e06a774-94df-45b9-a605-3766c94a35f0", "parent_id": "image"}, {"width": 142.11326599121094, "height": 900.1390228271484, "x": 180.83472442626953, "y": 653.0416946411133, "confidence": 0.9145091772079468, "class_id": 1, "class": "pole", "detection_id": "2a2606aa-33a3-47dc-a87c-c03e95215240", "parent_id": "image"}]}, "visualization": "<deducted_image>"}