{"predictions": {"image": {"width": 720, "height": 1280}, "predictions": [{"width": 200.47509765625, "height": 163.099365234375, "x": 351.9938049316406, "y": 323.64105224609375, "confidence": 0.9495922923088074, "class_id": 0, "class": "bell", "detection_id": "665475bb-9c89-47af-b578-68bc365e2f72", "parent_id": "image"}, {"width": 107.35662841796875, "height": 1026.37890625, "x": 666.3216857910156, "y": 513.189453125, "confidence": 0.9059388637542725, "class_id": 1, "class": "pole", "detection_id": "e9374985-b5ed-4d3e-8429-71788dd4ef4c", "parent_id": "image"}]}, "visualization": "<deducted_image>"}