{"predictions": {"image": {"width": 720, "height": 1280}, "predictions": [{"width": 139.5710334777832, "height": 1253.6289672851562, "x": 130.51688194274902, "y": 628.3974304199219, "confidence": 0.9342623353004456, "class_id": 1, "class": "pole", "detection_id": "b359e316-8b56-4356-95d8-fe24cef59cd6", "parent_id": "image"}, {"width": 47.257080078125, "height": 813.8704071044922, "x": 325.8221435546875, "y": 409.5884780883789, "confidence": 0.8393614888191223, "class_id": 1, "class": "pole", "detection_id": "f8708606-3ec1-4fd1-8703-250cf0b34e12", "parent_id": "image"}, {"width": 198.14175415039062, "height": 154.528564453125, "x": 534.3846893310547, "y": 570.1827392578125, "confidence": 0.6268415451049805, "class_id": 0, "class": "bell", "detection_id": "91033f27-7702-412a-891a-796a69ba3202", "parent_id": "image"}, {"width": 141.89882278442383, "height": 1247.0778350830078, "x": 130.1559658050537, "y": 628.2666244506836, "confidence": 0.4905528128147125, "class_id": 1, "class": "pole", "detection_id": "8b0d59a9-dbc3-4deb-9720-6761dfdfeac7", "parent_id": "image"}]}, "visualization": "<deducted_image>"}