{"predictions": {"image": {"width": 720, "height": 1280}, "predictions": [{"width": 67.6690673828125, "height": 702.6483917236328, "x": 304.9684753417969, "y": 406.6427230834961, "confidence": 0.9189127087593079, "class_id": 1, "class": "pole", "detection_id": "f0fbb106-ecd9-40f5-bec6-643caaee9f26", "parent_id": "image"}, {"width": 101.06332397460938, "height": 82.2674560546875, "x": 424.75938415527344, "y": 395.9154968261719, "confidence": 0.7767049074172974, "class_id": 0, "class": "bell", "detection_id": "606a158d-279d-4362-8399-721c1f5d4831", "parent_id": "image"}]}, "visualization": "<deducted_image>"}