{"predictions": {"image": {"width": 720, "height": 1280}, "predictions": [{"width": 124.62841796875, "height": 791.9831161499023, "x": 363.25628662109375, "y": 398.6924018859863, "confidence": 0.9292728304862976, "class_id": 1, "class": "pole", "detection_id": "2947a329-891b-43c1-a3a2-9d55cb351684", "parent_id": "image"}, {"width": 147.07879638671875, "height": 122.54202270507812, "x": 646.4606018066406, "y": 279.62364196777344, "confidence": 0.8828061819076538, "class_id": 0, "class": "bell", "detection_id": "f10517fc-1ec4-417d-92fb-2c8da34814af", "parent_id": "image"}]}, "visualization": "<deducted_image>"}