{"predictions": {"image": {"width": 720, "height": 1280}, "predictions": [{"width": 136.88388061523438, "height": 1139.4769287109375, "x": 553.3849029541016, "y": 569.7384643554688, "confidence": 0.6835803985595703, "class_id": 1, "class": "pole", "detection_id": "32ace5b0-e5fe-4fe5-aeb7-04842af2dd7a", "parent_id": "image"}, {"width": 133.46200561523438, "height": 1123.3189697265625, "x": 554.7907867431641, "y": 561.6594848632812, "confidence": 0.44395092129707336, "class_id": 1, "class": "pole", "detection_id": "6389e7e5-f8c6-4e3a-b40c-2cbb50acfee2", "parent_id": "image"}]}, "visualization": "<deducted_image>"}