{"predictions": {"image": {"width": 720, "height": 1280}, "predictions": [{"width": 93.35533142089844, "height": 938.0507049560547, "x": 186.3343734741211, "y": 506.0258560180664, "confidence": 0.870795488357544, "class_id": 1, "class": "pole", "detection_id": "d08efa81-7ac5-41fc-88bc-2ed81aecf223", "parent_id": "image"}, {"width": 134.86187744140625, "height": 117.1810302734375, "x": 452.7755432128906, "y": 545.2251586914062, "confidence": 0.842036783695221, "class_id": 0, "class": "bell", "detection_id": "9ecf3009-4b89-4514-88e1-60eb9991c5b9", "parent_id": "image"}]}, "visualization": "<deducted_image>"}