{"predictions": {"image": {"width": 720, "height": 1280}, "predictions": [{"width": 114.65792846679688, "height": 845.4337158203125, "x": 349.94520568847656, "y": 422.71685791015625, "confidence": 0.9543298482894897, "class_id": 1, "class": "pole", "detection_id": "347edbff-4a5c-446c-8143-140ac460565b", "parent_id": "image"}, {"width": 118.60284423828125, "height": 151.7966766357422, "x": 660.6985778808594, "y": 235.6603775024414, "confidence": 0.937621533870697, "class_id": 0, "class": "bell", "detection_id": "fca9437b-1633-41f6-85cb-daaa0d867a98", "parent_id": "image"}]}, "visualization": "<deducted_image>"}