{"predictions": {"image": {"width": 720, "height": 1280}, "predictions": [{"width": 107.72340393066406, "height": 984.28662109375, "x": 129.49076080322266, "y": 492.143310546875, "confidence": 0.9367437958717346, "class_id": 1, "class": "pole", "detection_id": "58c7e59b-c467-481c-82f8-dea58decb60f", "parent_id": "image"}, {"width": 154.98110961914062, "height": 131.93511962890625, "x": 423.6374053955078, "y": 429.534423828125, "confidence": 0.9266758561134338, "class_id": 0, "class": "bell", "detection_id": "a545c32d-1ca5-4f7c-9dda-4775db6672ce", "parent_id": "image"}]}, "visualization": "<deducted_image>"}