{"predictions": {"image": {"width": 720, "height": 1280}, "predictions": [{"width": 67.52224731445312, "height": 701.2843322753906, "x": 300.29273986816406, "y": 408.15818786621094, "confidence": 0.9013163447380066, "class_id": 1, "class": "pole", "detection_id": "79d98dce-4706-42d5-9bbe-22791123cd12", "parent_id": "image"}, {"width": 106.73681640625, "height": 81.444091796875, "x": 423.0581359863281, "y": 397.4937744140625, "confidence": 0.7476912140846252, "class_id": 0, "class": "bell", "detection_id": "47709710-da7f-49b4-a456-d287b30d6957", "parent_id": "image"}]}, "visualization": "<deducted_image>"}