{"predictions": {"image": {"width": 720, "height": 1280}, "predictions": [{"width": 129.1558837890625, "height": 1219.302490234375, "x": 626.3733520507812, "y": 609.6512451171875, "confidence": 0.8966609835624695, "class_id": 1, "class": "pole", "detection_id": "db805459-9aa3-4cb3-9219-f56216693aca", "parent_id": "image"}, {"width": 186.8802947998047, "height": 172.08721923828125, "x": 255.83478546142578, "y": 619.6012268066406, "confidence": 0.6493621468544006, "class_id": 0, "class": "bell", "detection_id": "e5509075-58f7-468d-bd87-f3550787c8f6", "parent_id": "image"}]}, "visualization": "<deducted_image>"}