{"predictions": {"image": {"width": 720, "height": 1280}, "predictions": [{"width": 128.57135009765625, "height": 870.4687347412109, "x": 449.1347351074219, "y": 438.75464630126953, "confidence": 0.937324583530426, "class_id": 1, "class": "pole", "detection_id": "65c9ffe1-216d-4df1-816e-e0834ff58a41", "parent_id": "image"}, {"width": 69.21221923828125, "height": 703.4363479614258, "x": 636.5246887207031, "y": 352.1623191833496, "confidence": 0.7699683904647827, "class_id": 1, "class": "pole", "detection_id": "a8d1b5e9-5a15-4a9f-becb-3b0c9ed5ed15", "parent_id": "image"}]}, "visualization": "<deducted_image>"}