{"predictions": {"image": {"width": 720, "height": 1280}, "predictions": [{"width": 119.50567626953125, "height": 97.20217895507812, "x": 475.5646667480469, "y": 218.73985290527344, "confidence": 0.9470162987709045, "class_id": 0, "class": "bell", "detection_id": "94d8f561-09b3-4b6a-8509-b9749150af69", "parent_id": "image"}, {"width": 71.89181518554688, "height": 636.7380790710449, "x": 340.22596740722656, "y": 318.92722511291504, "confidence": 0.9333460330963135, "class_id": 1, "class": "pole", "detection_id": "656ef641-1ded-4578-9aba-4a0596508080", "parent_id": "image"}]}, "visualization": "<deducted_image>"}