{"predictions": {"image": {"width": 720, "height": 1280}, "predictions": [{"width": 151.335693359375, "height": 1213.235481262207, "x": 644.3321533203125, "y": 608.6405601501465, "confidence": 0.8922365307807922, "class_id": 1, "class": "pole", "detection_id": "1aa99254-5744-48db-bda8-0345de231dd3", "parent_id": "image"}, {"width": 233.11822509765625, "height": 298.8350830078125, "x": 407.8042297363281, "y": 589.6717529296875, "confidence": 0.4906717538833618, "class_id": 0, "class": "bell", "detection_id": "cc430d12-de30-4ba8-8504-71be2245dc0a", "parent_id": "image"}]}, "visualization": "<deducted_image>"}