{"predictions": {"image": {"width": 720, "height": 1280}, "predictions": [{"width": 156.25949096679688, "height": 872.5614852905273, "x": 483.8034210205078, "y": 436.8581733703613, "confidence": 0.9337010383605957, "class_id": 1, "class": "pole", "detection_id": "82705612-37ef-4675-81ef-3a5a23dfd5d3", "parent_id": "image"}, {"width": 52.71760559082031, "height": 729.3871688842773, "x": 178.68766021728516, "y": 367.4579048156738, "confidence": 0.4678994417190552, "class_id": 1, "class": "pole", "detection_id": "c5eb10eb-c0ab-4c58-a5c5-ba83bc677e0a", "parent_id": "image"}]}, "visualization": "<deducted_image>"}