{"predictions": {"image": {"width": 720, "height": 1280}, "predictions": [{"width": 133.69281005859375, "height": 973.896484375, "x": 597.0262756347656, "y": 486.9482421875, "confidence": 0.924043595790863, "class_id": 1, "class": "pole", "detection_id": "df539a24-3662-4650-93ec-4cc35d20f17e", "parent_id": "image"}, {"width": 181.95272827148438, "height": 151.2664031982422, "x": 241.9044647216797, "y": 328.91834259033203, "confidence": 0.9068023562431335, "class_id": 0, "class": "bell", "detection_id": "4e0589e2-f122-419c-9ebb-c98f6d1cd0a7", "parent_id": "image"}]}, "visualization": "<deducted_image>"}