{"predictions": {"image": {"width": 720, "height": 1280}, "predictions": [{"width": 166.92950439453125, "height": 123.39056396484375, "x": 493.0282897949219, "y": 429.20928955078125, "confidence": 0.9305024743080139, "class_id": 0, "class": "bell", "detection_id": "fea0a6dd-db28-4e3b-9e46-80882278c7b0", "parent_id": "image"}, {"width": 119.11102294921875, "height": 998.97216796875, "x": 168.10888671875, "y": 499.486083984375, "confidence": 0.9257436990737915, "class_id": 1, "class": "pole", "detection_id": "4af0328b-a507-4051-8db4-50910a8006ff", "parent_id": "image"}, {"width": 43.5426025390625, "height": 759.5495452880859, "x": 390.07318115234375, "y": 380.9168167114258, "confidence": 0.7389305830001831, "class_id": 1, "class": "pole", "detection_id": "c02944ac-f00f-44b3-afa7-f7413f937abb", "parent_id": "image"}]}, "visualization": "<deducted_image>"}