{"predictions": {"image": {"width": 720, "height": 1280}, "predictions": [{"width": 202.93267822265625, "height": 164.37322998046875, "x": 445.8937072753906, "y": 505.2366638183594, "confidence": 0.8918918967247009, "class_id": 0, "class": "bell", "detection_id": "51f3e7bd-5ef1-4b46-9d02-97e643191f58", "parent_id": "image"}, {"width": 125.94134521484375, "height": 1106.605712890625, "x": 609.0503845214844, "y": 553.3028564453125, "confidence": 0.8889710307121277, "class_id": 1, "class": "pole", "detection_id": "c98ba0d4-72e1-4957-96b5-91b315717ce2", "parent_id": "image"}]}, "visualization": "<deducted_image>"}