{"predictions": {"image": {"width": 720, "height": 1280}, "predictions": [{"width": 125.94491577148438, "height": 1072.5037994384766, "x": 222.3605194091797, "y": 536.3809127807617, "confidence": 0.9389081001281738, "class_id": 1, "class": "pole", "detection_id": "9d6e0c98-0961-4d3a-8a71-35a5e27b8365", "parent_id": "image"}, {"width": 174.470947265625, "height": 128.85940551757812, "x": 587.97802734375, "y": 430.83750915527344, "confidence": 0.6246176958084106, "class_id": 0, "class": "bell", "detection_id": "9d16dbed-368a-41c8-b975-d001a81da1fd", "parent_id": "image"}, {"width": 47.849853515625, "height": 776.9165725708008, "x": 370.5623474121094, "y": 391.8485984802246, "confidence": 0.5142168998718262, "class_id": 1, "class": "pole", "detection_id": "4fdbc634-e89c-4cca-b1e5-1f198c5e2335", "parent_id": "image"}]}, "visualization": "<deducted_image>"}