{"predictions": {"image": {"width": 720, "height": 1280}, "predictions": [{"width": 144.63348388671875, "height": 957.6322021484375, "x": 610.7697448730469, "y": 478.81610107421875, "confidence": 0.9391260147094727, "class_id": 1, "class": "pole", "detection_id": "5f431b92-e434-4789-9c59-9494f459682f", "parent_id": "image"}, {"width": 187.442626953125, "height": 146.02761840820312, "x": 244.68157958984375, "y": 302.4817352294922, "confidence": 0.9387037754058838, "class_id": 0, "class": "bell", "detection_id": "7ee5fab2-941a-4c07-80ab-2fe564db8c51", "parent_id": "image"}]}, "visualization": "<deducted_image>"}