{"predictions": {"image": {"width": 720, "height": 1280}, "predictions": [{"width": 203.68548583984375, "height": 1089.5744018554688, "x": 375.45648193359375, "y": 545.5748596191406, "confidence": 0.8960385322570801, "class_id": 1, "class": "pole", "detection_id": "1be2d907-3ea2-4e9b-b0e8-26718e1a1acf", "parent_id": "image"}, {"width": 62.3957633972168, "height": 763.8235473632812, "x": 47.454782485961914, "y": 381.9117736816406, "confidence": 0.4154879152774811, "class_id": 1, "class": "pole", "detection_id": "bcb6b1a5-f03e-45c0-96a1-71c84a852473", "parent_id": "image"}]}, "visualization": "<deducted_image>"}