{"predictions": {"image": {"width": 720, "height": 1280}, "predictions": [{"width": 152.55203247070312, "height": 1257.51416015625, "x": 570.7042083740234, "y": 628.757080078125, "confidence": 0.8235155940055847, "class_id": 1, "class": "pole", "detection_id": "a105a91f-64d5-4466-bc6e-de0ae235b64c", "parent_id": "image"}, {"width": 145.80532836914062, "height": 1243.4699935913086, "x": 572.0364837646484, "y": 623.1196174621582, "confidence": 0.6707432866096497, "class_id": 1, "class": "pole", "detection_id": "76a7c9e9-9c07-4087-a65c-a3ba7186790f", "parent_id": "image"}]}, "visualization": "<deducted_image>"}