{"predictions": {"image": {"width": 720, "height": 1280}, "predictions": [{"width": 112.79933166503906, "height": 872.544921875, "x": 188.42058563232422, "y": 436.2724609375, "confidence": 0.9344866275787354, "class_id": 1, "class": "pole", "detection_id": "e14d4bf7-cb7a-4835-a040-1a15d1612b1d", "parent_id": "image"}, {"width": 184.32626342773438, "height": 139.95758056640625, "x": 439.5896759033203, "y": 351.15252685546875, "confidence": 0.4876742362976074, "class_id": 0, "class": "bell", "detection_id": "cc34e6ab-ad9b-4f3f-9d96-05c80c4cd144", "parent_id": "image"}]}, "visualization": "<deducted_image>"}