{"predictions": {"image": {"width": 720, "height": 1280}, "predictions": [{"width": 105.62053680419922, "height": 899.1396713256836, "x": 148.27876663208008, "y": 451.4525032043457, "confidence": 0.9421982765197754, "class_id": 1, "class": "pole", "detection_id": "68f89b02-3671-4d1d-a4b5-f578a882892c", "parent_id": "image"}, {"width": 150.46749877929688, "height": 123.86190795898438, "x": 396.5549774169922, "y": 417.94224548339844, "confidence": 0.9077977538108826, "class_id": 0, "class": "bell", "detection_id": "a85f857a-416f-4e66-9bf3-4196fc845b0a", "parent_id": "image"}]}, "visualization": "<deducted_image>"}