{"predictions": {"image": {"width": 720, "height": 1280}, "predictions": [{"width": 110.34231567382812, "height": 874.5271682739258, "x": 355.92359924316406, "y": 439.38467025756836, "confidence": 0.9560278654098511, "class_id": 1, "class": "pole", "detection_id": "d7e67e79-b758-40dd-ae11-016296aac023", "parent_id": "image"}, {"width": 144.2750244140625, "height": 116.80136108398438, "x": 489.8287353515625, "y": 384.1077117919922, "confidence": 0.7830647826194763, "class_id": 0, "class": "bell", "detection_id": "0b1c11fa-a755-497d-8f29-70febf1a29c0", "parent_id": "image"}]}, "visualization": "<deducted_image>"}