{"predictions": {"image": {"width": 720, "height": 1280}, "predictions": [{"width": 108.8037109375, "height": 890.9996337890625, "x": 563.8079223632812, "y": 445.49981689453125, "confidence": 0.9380184412002563, "class_id": 1, "class": "pole", "detection_id": "b0a92ff9-83a6-4b15-9134-d5d19e0f66f6", "parent_id": "image"}, {"width": 163.09890747070312, "height": 122.55599975585938, "x": 366.55421447753906, "y": 360.6663360595703, "confidence": 0.8132835030555725, "class_id": 0, "class": "bell", "detection_id": "2fa13d77-da8b-4f73-86b9-297823a5adc4", "parent_id": "image"}]}, "visualization": "<deducted_image>"}