{"predictions": {"image": {"width": 720, "height": 1280}, "predictions": [{"width": 104.34912109375, "height": 809.1872863769531, "x": 275.1135559082031, "y": 405.97227478027344, "confidence": 0.9542005658149719, "class_id": 1, "class": "pole", "detection_id": "823bc6cf-f308-4539-a6cb-d243f6fffc0d", "parent_id": "image"}, {"width": 162.71405029296875, "height": 139.11907958984375, "x": 557.2644958496094, "y": 261.29949951171875, "confidence": 0.8738812208175659, "class_id": 0, "class": "bell", "detection_id": "cde1dd1d-9cbf-4288-b5d0-2465db271e26", "parent_id": "image"}]}, "visualization": "<deducted_image>"}