{"predictions": {"image": {"width": 720, "height": 1280}, "predictions": [{"width": 149.84976196289062, "height": 168.23680114746094, "x": 74.92488098144531, "y": 151.85436248779297, "confidence": 0.9069597721099854, "class_id": 0, "class": "bell", "detection_id": "f178e51f-7bfd-45f0-943c-5e31192f97cb", "parent_id": "image"}, {"width": 177.05874633789062, "height": 847.2763824462891, "x": 423.3900909423828, "y": 430.00194549560547, "confidence": 0.8725088238716125, "class_id": 1, "class": "pole", "detection_id": "8be16493-4a4b-4b0d-b8ab-a320c14051be", "parent_id": "image"}]}, "visualization": "<deducted_image>"}