{"predictions": {"image": {"width": 720, "height": 1280}, "predictions": [{"width": 115.30609130859375, "height": 675.7888107299805, "x": 313.2662353515625, "y": 340.93872451782227, "confidence": 0.9482092261314392, "class_id": 1, "class": "pole", "detection_id": "a26b54a3-8128-4911-b468-7570e0372f37", "parent_id": "image"}, {"width": 147.83444213867188, "height": 114.20156860351562, "x": 561.7208404541016, "y": 209.30015563964844, "confidence": 0.93533855676651, "class_id": 0, "class": "bell", "detection_id": "8bdfe550-0632-4f87-a1b1-4fdc88315e0c", "parent_id": "image"}]}, "visualization": "<deducted_image>"}