{"predictions": {"image": {"width": 720, "height": 1280}, "predictions": [{"width": 100.61892700195312, "height": 794.470703125, "x": 319.9105987548828, "y": 397.2353515625, "confidence": 0.9478707909584045, "class_id": 1, "class": "pole", "detection_id": "ed60099c-6364-4de6-b1cd-42d8e421c46d", "parent_id": "image"}, {"width": 146.98641967773438, "height": 111.45309448242188, "x": 524.5755767822266, "y": 351.1893768310547, "confidence": 0.8443968296051025, "class_id": 0, "class": "bell", "detection_id": "517b2714-2a0a-4ad2-af65-5bce81ce0f0d", "parent_id": "image"}]}, "visualization": "<deducted_image>"}