{"predictions": {"image": {"width": 720, "height": 1280}, "predictions": [{"width": 130.61192321777344, "height": 185.1953125, "x": 65.30596160888672, "y": 848.2340087890625, "confidence": 0.5183828473091125, "class_id": 0, "class": "bell", "detection_id": "3748974f-d584-4a99-ad1e-26ff77c48b2d", "parent_id": "image"}, {"width": 177.18606567382812, "height": 1169.656105041504, "x": 424.87998962402344, "y": 695.171947479248, "confidence": 0.4761546552181244, "class_id": 1, "class": "pole", "detection_id": "61bbaa15-b768-4d50-9a30-8090251343f5", "parent_id": "image"}]}, "visualization": "<deducted_image>"}