{"predictions": {"image": {"width": 640, "height": 480}, "predictions": [{"width": 182.96875, "height": 146.015625, "x": 388.75, "y": 195.3125, "confidence": 0.989596962928772, "class_id": 0, "class": "bell", "detection_id": "5b5b71db-559b-4aed-b92b-0d13e01d24d2", "parent_id": "image"}, {"width": 62.2265625, "height": 208.125, "x": 414.0625, "y": 380.0, "confidence": 0.9356052279472351, "class_id": 1, "class": "pole", "detection_id": "04dccc98-f5c2-4ffc-84e7-9227063b2d07", "parent_id": "image"}]}, "visualization": "<deducted_image>"}