{"predictions": {"image": {"width": 640, "height": 480}, "predictions": [{"width": 82.96875, "height": 447.1875, "x": 391.5625, "y": 258.4375, "confidence": 0.9850256443023682, "class_id": 1, "class": "pole", "detection_id": "0a62e2d7-509c-4a62-8125-83c36aebc5dc", "parent_id": "image"}, {"width": 122.265625, "height": 116.40625, "x": 304.375, "y": 397.1875, "confidence": 0.9743444323539734, "class_id": 0, "class": "bell", "detection_id": "5d6b3cc6-d1e0-4577-9515-a2a1c92c7391", "parent_id": "image"}]}, "visualization": "<deducted_image>"}