{"predictions": {"image": {"width": 640, "height": 480}, "predictions": [{"width": 59.7265625, "height": 406.875, "x": 404.375, "y": 273.90625, "confidence": 0.9927760362625122, "class_id": 1, "class": "pole", "detection_id": "76c0b1da-ddcf-46a2-a9a1-1f02926b4fe7", "parent_id": "image"}, {"width": 132.03125, "height": 109.296875, "x": 300.9375, "y": 235.0, "confidence": 0.9915523529052734, "class_id": 0, "class": "bell", "detection_id": "b4f193cc-46c0-42fd-992a-6d437e4a9146", "parent_id": "image"}]}, "visualization": "<deducted_image>"}