{"predictions": {"image": {"width": 640, "height": 480}, "predictions": [{"width": 163.59375, "height": 136.5625, "x": 212.34375, "y": 225.625, "confidence": 0.9912925958633423, "class_id": 0, "class": "bell", "detection_id": "cb76378a-f5e7-4c8a-8eed-a263804a4d69", "parent_id": "image"}, {"width": 74.3359375, "height": 461.875, "x": 450.0, "y": 250.0, "confidence": 0.9686203002929688, "class_id": 1, "class": "pole", "detection_id": "8800ca44-5b2b-4c05-9bf7-03280d5b7e2f", "parent_id": "image"}]}, "visualization": "<deducted_image>"}