{"predictions": {"image": {"width": 640, "height": 480}, "predictions": [{"width": 166.09375, "height": 137.1875, "x": 240.46875, "y": 233.4375, "confidence": 0.9902637004852295, "class_id": 0, "class": "bell", "detection_id": "c1a36192-615e-4326-b3b5-493a2faf5139", "parent_id": "image"}, {"width": 58.3984375, "height": 422.8125, "x": 316.25, "y": 270.15625, "confidence": 0.9848484992980957, "class_id": 1, "class": "pole", "detection_id": "eac981e0-52b9-4d9c-b82e-a6c8975494a8", "parent_id": "image"}]}, "visualization": "<deducted_image>"}