{"predictions": {"image": {"width": 640, "height": 480}, "predictions": [{"width": 168.75, "height": 143.203125, "x": 244.84375, "y": 212.65625, "confidence": 0.9923079609870911, "class_id": 0, "class": "bell", "detection_id": "c8b8d39e-254b-4d54-9c49-cc998ddf2b65", "parent_id": "image"}, {"width": 86.71875, "height": 465.3125, "x": 441.5625, "y": 246.09375, "confidence": 0.9634434580802917, "class_id": 1, "class": "pole", "detection_id": "bf1e9b5d-1bda-4bd2-bf8b-fa3593cb3465", "parent_id": "image"}]}, "visualization": "<deducted_image>"}