{"predictions": {"image": {"width": 640, "height": 480}, "predictions": [{"width": 162.96875, "height": 130.546875, "x": 214.84375, "y": 232.1875, "confidence": 0.9954322576522827, "class_id": 0, "class": "bell", "detection_id": "d2aa5aef-0421-4632-9338-24668d85b594", "parent_id": "image"}, {"width": 64.21875, "height": 404.6875, "x": 459.6875, "y": 276.5625, "confidence": 0.9428339004516602, "class_id": 1, "class": "pole", "detection_id": "92be3c1d-44f6-4abb-b6b7-34de44792b28", "parent_id": "image"}]}, "visualization": "<deducted_image>"}