{"predictions": {"image": {"width": 640, "height": 480}, "predictions": [{"width": 179.6875, "height": 131.015625, "x": 251.09375, "y": 237.03125, "confidence": 0.9858244061470032, "class_id": 0, "class": "bell", "detection_id": "1b1b7c98-2468-4c80-8a29-b3e8c88f40ce", "parent_id": "image"}, {"width": 62.5390625, "height": 413.75, "x": 328.4375, "y": 274.53125, "confidence": 0.9378257393836975, "class_id": 1, "class": "pole", "detection_id": "93c75ed9-7b96-47fb-9acb-26812e488911", "parent_id": "image"}]}, "visualization": "<deducted_image>"}