{"predictions": {"image": {"width": 640, "height": 480}, "predictions": [{"width": 135.9375, "height": 121.875, "x": 284.21875, "y": 261.5625, "confidence": 0.9903448820114136, "class_id": 0, "class": "bell", "detection_id": "4d708d5e-a407-4662-8cd1-3bf557b8b1a0", "parent_id": "image"}, {"width": 60.15625, "height": 435.0, "x": 410.9375, "y": 266.09375, "confidence": 0.9862139821052551, "class_id": 1, "class": "pole", "detection_id": "30e31209-64f9-43c0-9257-ef9ac10fb281", "parent_id": "image"}]}, "visualization": "<deducted_image>"}