{"predictions": {"image": {"width": 640, "height": 480}, "predictions": [{"width": 65.3515625, "height": 446.25, "x": 409.375, "y": 259.375, "confidence": 0.9856525659561157, "class_id": 1, "class": "pole", "detection_id": "40a60afc-5d2c-4744-9e3b-f0da2f62a961", "parent_id": "image"}, {"width": 125.390625, "height": 110.546875, "x": 297.65625, "y": 312.03125, "confidence": 0.9818209409713745, "class_id": 0, "class": "bell", "detection_id": "79f98e38-f038-4ab6-b1a1-2ef3758e13ef", "parent_id": "image"}]}, "visualization": "<deducted_image>"}