{"predictions": {"image": {"width": 640, "height": 480}, "predictions": [{"width": 163.125, "height": 136.796875, "x": 273.90625, "y": 243.90625, "confidence": 0.9997794032096863, "class_id": 0, "class": "bell", "detection_id": "eb55775c-09d2-4dac-8785-9fda5a4b49b3", "parent_id": "image"}, {"width": 63.671875, "height": 385.625, "x": 465.0, "y": 284.0625, "confidence": 0.9972435235977173, "class_id": 1, "class": "pole", "detection_id": "b5fe40ae-939b-4afa-ad69-9f6d025c07df", "parent_id": "image"}]}, "visualization": "<deducted_image>"}