{"predictions": {"image": {"width": 640, "height": 480}, "predictions": [{"width": 162.96875, "height": 127.96875, "x": 238.59375, "y": 243.28125, "confidence": 0.9928379654884338, "class_id": 0, "class": "bell", "detection_id": "5a2abde1-3b77-4c94-b3eb-57906afee8c9", "parent_id": "image"}, {"width": 65.0, "height": 404.6875, "x": 468.75, "y": 275.9375, "confidence": 0.9406719207763672, "class_id": 1, "class": "pole", "detection_id": "cd5797b8-864d-46dd-a233-6ca0cd209a23", "parent_id": "image"}]}, "visualization": "<deducted_image>"}