{"predictions": {"image": {"width": 640, "height": 480}, "predictions": [{"width": 131.015625, "height": 119.765625, "x": 286.875, "y": 271.40625, "confidence": 0.9865128993988037, "class_id": 0, "class": "bell", "detection_id": "66cd683c-a5e3-49f0-9f24-d39da6b4e01a", "parent_id": "image"}, {"width": 67.578125, "height": 455.0, "x": 410.9375, "y": 252.96875, "confidence": 0.9844635128974915, "class_id": 1, "class": "pole", "detection_id": "e12d77bc-0828-4fcc-abae-0341330d920e", "parent_id": "image"}]}, "visualization": "<deducted_image>"}