{"predictions": {"image": {"width": 640, "height": 480}, "predictions": [{"width": 172.5, "height": 142.34375, "x": 226.09375, "y": 235.625, "confidence": 0.9950070977210999, "class_id": 0, "class": "bell", "detection_id": "3ecf15bb-8869-4fc4-9079-db632a01ad69", "parent_id": "image"}, {"width": 63.8671875, "height": 395.625, "x": 360.3125, "y": 283.28125, "confidence": 0.9443443417549133, "class_id": 1, "class": "pole", "detection_id": "ffb9f6df-b1f0-47ac-8560-beb2ec4d1a97", "parent_id": "image"}]}, "visualization": "<deducted_image>"}