{"predictions": {"image": {"width": 640, "height": 480}, "predictions": [{"width": 66.7578125, "height": 458.75, "x": 402.5, "y": 252.1875, "confidence": 0.9813535809516907, "class_id": 1, "class": "pole", "detection_id": "ec622522-8d39-47a4-87c9-201114109dd1", "parent_id": "image"}, {"width": 120.546875, "height": 112.734375, "x": 325.0, "y": 393.75, "confidence": 0.9709209203720093, "class_id": 0, "class": "bell", "detection_id": "66f162c6-5bb3-4742-8e35-8e2c17cddb63", "parent_id": "image"}]}, "visualization": "<deducted_image>"}