{"predictions": {"image": {"width": 640, "height": 480}, "predictions": [{"width": 143.203125, "height": 118.59375, "x": 295.3125, "y": 231.71875, "confidence": 0.9933109283447266, "class_id": 0, "class": "bell", "detection_id": "addc664f-eb82-4415-a05d-76d3f40c1930", "parent_id": "image"}, {"width": 62.421875, "height": 420.625, "x": 405.3125, "y": 269.0625, "confidence": 0.9436278939247131, "class_id": 1, "class": "pole", "detection_id": "221ec3b1-e1c7-4ba2-b815-7cff397df94c", "parent_id": "image"}]}, "visualization": "<deducted_image>"}