{"predictions": {"image": {"width": 640, "height": 480}, "predictions": [{"width": 64.8046875, "height": 447.8125, "x": 405.3125, "y": 260.78125, "confidence": 0.9796416759490967, "class_id": 1, "class": "pole", "detection_id": "84131019-e9fa-434d-b522-443c76d8cabe", "parent_id": "image"}, {"width": 120.9375, "height": 109.453125, "x": 303.75, "y": 331.875, "confidence": 0.979115903377533, "class_id": 0, "class": "bell", "detection_id": "7b301fcf-6cb4-4230-8004-d249cd371ce3", "parent_id": "image"}]}, "visualization": "<deducted_image>"}