{"predictions": {"image": {"width": 640, "height": 480}, "predictions": [{"width": 176.09375, "height": 156.40625, "x": 359.0625, "y": 192.5, "confidence": 0.9924707412719727, "class_id": 0, "class": "bell", "detection_id": "2f835084-c712-4a8b-9ed0-75f80843993b", "parent_id": "image"}, {"width": 61.4453125, "height": 210.0, "x": 407.1875, "y": 379.6875, "confidence": 0.947640597820282, "class_id": 1, "class": "pole", "detection_id": "1a86db18-d35f-47e2-8111-aac73ec2bd9c", "parent_id": "image"}, {"width": 116.015625, "height": 469.6875, "x": 389.0625, "y": 245.9375, "confidence": 0.9304667115211487, "class_id": 1, "class": "pole", "detection_id": "513aa6cb-13f1-4b31-a2fb-1afd999eaae2", "parent_id": "image"}]}, "visualization": "<deducted_image>"}