{"predictions": {"image": {"width": 640, "height": 480}, "predictions": [{"width": 147.8125, "height": 117.65625, "x": 322.8125, "y": 226.5625, "confidence": 0.977881669998169, "class_id": 0, "class": "bell", "detection_id": "46ffb1c3-4299-4daa-8bbf-6de5e7e375aa", "parent_id": "image"}, {"width": 69.375, "height": 466.5625, "x": 406.5625, "y": 246.875, "confidence": 0.9663963913917542, "class_id": 1, "class": "pole", "detection_id": "01e25e2e-6a44-4783-9642-bf6a731fc425", "parent_id": "image"}]}, "visualization": "<deducted_image>"}