{"predictions": {"image": {"width": 640, "height": 480}, "predictions": [{"width": 157.109375, "height": 127.96875, "x": 277.96875, "y": 213.125, "confidence": 0.9938380718231201, "class_id": 0, "class": "bell", "detection_id": "83894d55-168e-48a6-8edc-986e74896cd6", "parent_id": "image"}, {"width": 66.640625, "height": 440.9375, "x": 393.75, "y": 259.84375, "confidence": 0.9440138339996338, "class_id": 1, "class": "pole", "detection_id": "161a9c6d-5ad9-46ba-b662-ee3416cc51cc", "parent_id": "image"}]}, "visualization": "<deducted_image>"}