{"predictions": {"image": {"width": 640, "height": 480}, "predictions": [{"width": 141.015625, "height": 117.34375, "x": 300.78125, "y": 285.78125, "confidence": 0.9800974130630493, "class_id": 0, "class": "bell", "detection_id": "9e7416f1-c0f6-41d9-a23d-69d1784598c2", "parent_id": "image"}, {"width": 89.6875, "height": 459.6875, "x": 376.25, "y": 252.34375, "confidence": 0.9589421153068542, "class_id": 1, "class": "pole", "detection_id": "d57fef41-91f3-4b65-8afb-ea8a4edd2891", "parent_id": "image"}]}, "visualization": "<deducted_image>"}