{"predictions": {"image": {"width": 640, "height": 480}, "predictions": [{"width": 76.40625, "height": 439.375, "x": 417.1875, "y": 264.6875, "confidence": 0.9873297810554504, "class_id": 1, "class": "pole", "detection_id": "32fbc29f-a5ff-4ac9-9661-2919dd3fcf65", "parent_id": "image"}, {"width": 133.828125, "height": 119.609375, "x": 326.5625, "y": 317.34375, "confidence": 0.9758360981941223, "class_id": 0, "class": "bell", "detection_id": "c8e7f390-ba52-40f7-9af7-c73afd61ce45", "parent_id": "image"}]}, "visualization": "<deducted_image>"}