{"predictions": {"image": {"width": 640, "height": 480}, "predictions": [{"width": 138.046875, "height": 114.53125, "x": 307.34375, "y": 229.375, "confidence": 0.9934781789779663, "class_id": 0, "class": "bell", "detection_id": "acce6ed1-2ffa-405f-8a4f-498a73d08f10", "parent_id": "image"}, {"width": 76.5625, "height": 468.125, "x": 400.625, "y": 247.5, "confidence": 0.9612108469009399, "class_id": 1, "class": "pole", "detection_id": "3044b9c4-58e6-48d0-8f37-5579b79fa621", "parent_id": "image"}]}, "visualization": "<deducted_image>"}