{"predictions": {"image": {"width": 640, "height": 480}, "predictions": [{"width": 194.84375, "height": 156.875, "x": 290.78125, "y": 224.6875, "confidence": 0.9912624359130859, "class_id": 0, "class": "bell", "detection_id": "1dbc8622-96c7-4000-bea4-d05b4bd1536d", "parent_id": "image"}, {"width": 86.40625, "height": 458.125, "x": 359.0625, "y": 252.5, "confidence": 0.9428536891937256, "class_id": 1, "class": "pole", "detection_id": "117fb497-e55c-42a3-a449-2b1ddb0ce8eb", "parent_id": "image"}]}, "visualization": "<deducted_image>"}