{"predictions": {"image": {"width": 640, "height": 480}, "predictions": [{"width": 174.21875, "height": 141.015625, "x": 262.1875, "y": 218.90625, "confidence": 0.9922748804092407, "class_id": 0, "class": "bell", "detection_id": "67ecae1c-63eb-448b-bbb1-83bb18a7c908", "parent_id": "image"}, {"width": 64.8046875, "height": 400.625, "x": 439.0625, "y": 277.96875, "confidence": 0.9432746171951294, "class_id": 1, "class": "pole", "detection_id": "badf82f1-7892-4779-9239-5f9f0b2bf596", "parent_id": "image"}]}, "visualization": "<deducted_image>"}